Reference Area,Time Period,Sex,Age group,Units of measurement,Observation Value
Burkina Faso,1975,Not applicable,15-24 year olds,Percent,0.29781
Kuwait,1975,Not applicable,15-24 year olds,Percent,0.84964
Turkey,1975,Not applicable,15-24 year olds,Percent,0.75207
United Arab Emirates,1975,Not applicable,15-24 year olds,Percent,0.85904
Uruguay,1975,Not applicable,15-24 year olds,Percent,1.0112
Bolivia,1976,Not applicable,15-24 year olds,Percent,0.82914
Cameroon,1976,Not applicable,15-24 year olds,Percent,0.74208
Egypt,1976,Not applicable,15-24 year olds,Percent,0.60473
"Iran, Islamic Republic of",1976,Not applicable,15-24 year olds,Percent,0.59701
Mali,1976,Not applicable,15-24 year olds,Percent,0.50532
New Caledonia,1976,Not applicable,15-24 year olds,Percent,1.00989
Swaziland,1976,Not applicable,15-24 year olds,Percent,0.9855
Tonga,1976,Not applicable,15-24 year olds,Percent,0.99955
Maldives,1977,Not applicable,15-24 year olds,Percent,1.03553
Poland,1978,Not applicable,15-24 year olds,Percent,1.00037
Rwanda,1978,Not applicable,15-24 year olds,Percent,0.74915
Afghanistan,1979,Not applicable,15-24 year olds,Percent,0.24331
Benin,1979,Not applicable,15-24 year olds,Percent,0.39936
Burundi,1979,Not applicable,15-24 year olds,Percent,0.52494
Guinea-Bissau,1979,Not applicable,15-24 year olds,Percent,0.29824
Jordan,1979,Not applicable,15-24 year olds,Percent,0.88559
Vanuatu,1979,Not applicable,15-24 year olds,Percent,0.89306
Viet Nam,1979,Not applicable,15-24 year olds,Percent,0.9783
American Samoa,1980,Not applicable,15-24 year olds,Percent,0.99545
Argentina,1980,Not applicable,15-24 year olds,Percent,1.00874
Brazil,1980,Not applicable,15-24 year olds,Percent,1.03246
Comoros,1980,Not applicable,15-24 year olds,Percent,0.79153
Guam,1980,Not applicable,15-24 year olds,Percent,1.00575
Hungary,1980,Not applicable,15-24 year olds,Percent,0.99896
Indonesia,1980,Not applicable,15-24 year olds,Percent,0.91134
Kuwait,1980,Not applicable,15-24 year olds,Percent,0.93532
Malaysia,1980,Not applicable,15-24 year olds,Percent,0.96688
Mexico,1980,Not applicable,15-24 year olds,Percent,0.97608
Mozambique,1980,Not applicable,15-24 year olds,Percent,0.39271
Palau,1980,Not applicable,15-24 year olds,Percent,1.00174
Panama,1980,Not applicable,15-24 year olds,Percent,1.00372
Philippines,1980,Not applicable,15-24 year olds,Percent,1.01544
Puerto Rico,1980,Not applicable,15-24 year olds,Percent,1.01483
Singapore,1980,Not applicable,15-24 year olds,Percent,0.99741
South Africa,1980,Not applicable,15-24 year olds,Percent,0.99563
Thailand,1980,Not applicable,15-24 year olds,Percent,0.98567
Trinidad and Tobago,1980,Not applicable,15-24 year olds,Percent,1.00049
Turkey,1980,Not applicable,15-24 year olds,Percent,0.80364
Bahrain,1981,Not applicable,15-24 year olds,Percent,0.91512
Bangladesh,1981,Not applicable,15-24 year olds,Percent,0.61203
Brunei Darussalam,1981,Not applicable,15-24 year olds,Percent,0.99123
Dominican Republic,1981,Not applicable,15-24 year olds,Percent,1.033
Greece,1981,Not applicable,15-24 year olds,Percent,0.99835
India,1981,Not applicable,15-24 year olds,Percent,0.60803
Italy,1981,Not applicable,15-24 year olds,Percent,0.9989
Macao Special Administrative Region of China,1981,Not applicable,15-24 year olds,Percent,0.99015
Montenegro,1981,Not applicable,15-24 year olds,Percent,0.9913269095
Nepal,1981,Not applicable,15-24 year olds,Percent,0.33188
Pakistan,1981,Not applicable,15-24 year olds,Percent,0.53554
Peru,1981,Not applicable,15-24 year olds,Percent,0.93007
Portugal,1981,Not applicable,15-24 year olds,Percent,1.00571
Sao Tome and Principe,1981,Not applicable,15-24 year olds,Percent,0.81543
Spain,1981,Not applicable,15-24 year olds,Percent,1.00001
Sri Lanka,1981,Not applicable,15-24 year olds,Percent,0.98163
Syrian Arab Republic,1981,Not applicable,15-24 year olds,Percent,0.66437
Venezuela (Bolivarian Republic of),1981,Not applicable,15-24 year olds,Percent,1.01685
Chile,1982,Not applicable,15-24 year olds,Percent,1.00971
China,1982,Not applicable,15-24 year olds,Percent,0.86231
Ecuador,1982,Not applicable,15-24 year olds,Percent,0.97593
Guadeloupe,1982,Not applicable,15-24 year olds,Percent,1.00831
Haiti,1982,Not applicable,15-24 year olds,Percent,0.99594
Martinique,1982,Not applicable,15-24 year olds,Percent,0.99322
Morocco,1982,Not applicable,15-24 year olds,Percent,0.53256
Paraguay,1982,Not applicable,15-24 year olds,Percent,0.987
Réunion,1982,Not applicable,15-24 year olds,Percent,1.03969
Saint Pierre and Miquelon,1982,Not applicable,15-24 year olds,Percent,0.99967
Zimbabwe,1982,Not applicable,15-24 year olds,Percent,0.90392
Israel,1983,Not applicable,15-24 year olds,Percent,0.98982
Myanmar,1983,Not applicable,15-24 year olds,Percent,0.91846
Anguilla,1984,Not applicable,15-24 year olds,Percent,0.99979
Costa Rica,1984,Not applicable,15-24 year olds,Percent,1.0081
Liberia,1984,Not applicable,15-24 year olds,Percent,0.53678
Libyan Arab Jamahiriya,1984,Not applicable,15-24 year olds,Percent,0.82074
Tunisia,1984,Not applicable,15-24 year olds,Percent,0.72918
Kuwait,1985,Not applicable,15-24 year olds,Percent,0.92724
Maldives,1985,Not applicable,15-24 year olds,Percent,1.01358
MDG_Caucasus and Central Asia,1985,Not applicable,15-24 year olds,Percent,1.000090872
MDG_Developing regions,1985,Not applicable,15-24 year olds,Percent,0.8732528955
MDG_Eastern Asia,1985,Not applicable,15-24 year olds,Percent,0.9461177451
MDG_Landlocked developing countries,1985,Not applicable,15-24 year olds,Percent,0.8350838997
MDG_Latin America,1985,Not applicable,15-24 year olds,Percent,1.006286175
MDG_Latin America and the Caribbean,1985,Not applicable,15-24 year olds,Percent,1.00508337
MDG_Least developed countries,1985,Not applicable,15-24 year olds,Percent,0.747860933
MDG_Northern Africa,1985,Not applicable,15-24 year olds,Percent,0.7425519231
MDG_South-eastern Asia,1985,Not applicable,15-24 year olds,Percent,0.9611438159
MDG_Southern Asia,1985,Not applicable,15-24 year olds,Percent,0.6806551408
MDG_Southern Asia excluding India,1985,Not applicable,15-24 year olds,Percent,0.7089243043
MDG_Sub-Saharan Africa,1985,Not applicable,15-24 year olds,Percent,0.8002997823
MDG_Western Asia,1985,Not applicable,15-24 year olds,Percent,0.8665380622
Turkey,1985,Not applicable,15-24 year olds,Percent,0.89838
United Arab Emirates,1985,Not applicable,15-24 year olds,Percent,1.04321
Uruguay,1985,Not applicable,15-24 year olds,Percent,1.00745
Egypt,1986,Not applicable,15-24 year olds,Percent,0.75657
"Iran, Islamic Republic of",1986,Not applicable,15-24 year olds,Percent,0.77601
MDG_Caucasus and Central Asia,1986,Not applicable,15-24 year olds,Percent,1.000090872
MDG_Developing regions,1986,Not applicable,15-24 year olds,Percent,0.8732528955
MDG_Eastern Asia,1986,Not applicable,15-24 year olds,Percent,0.9461177451
MDG_Landlocked developing countries,1986,Not applicable,15-24 year olds,Percent,0.8350838997
MDG_Latin America,1986,Not applicable,15-24 year olds,Percent,1.006286175
MDG_Latin America and the Caribbean,1986,Not applicable,15-24 year olds,Percent,1.00508337
MDG_Least developed countries,1986,Not applicable,15-24 year olds,Percent,0.747860933
MDG_Northern Africa,1986,Not applicable,15-24 year olds,Percent,0.7425519231
MDG_South-eastern Asia,1986,Not applicable,15-24 year olds,Percent,0.9611438159
MDG_Southern Asia,1986,Not applicable,15-24 year olds,Percent,0.6806551408
MDG_Southern Asia excluding India,1986,Not applicable,15-24 year olds,Percent,0.7089243043
MDG_Sub-Saharan Africa,1986,Not applicable,15-24 year olds,Percent,0.8002997823
MDG_Western Asia,1986,Not applicable,15-24 year olds,Percent,0.8665380622
Qatar,1986,Not applicable,15-24 year olds,Percent,1.03054
Swaziland,1986,Not applicable,15-24 year olds,Percent,1.01458
Algeria,1987,Not applicable,15-24 year olds,Percent,0.72146
Malawi,1987,Not applicable,15-24 year olds,Percent,0.69744
MDG_Caucasus and Central Asia,1987,Not applicable,15-24 year olds,Percent,1.000090872
MDG_Developing regions,1987,Not applicable,15-24 year olds,Percent,0.8732528955
MDG_Eastern Asia,1987,Not applicable,15-24 year olds,Percent,0.9461177451
MDG_Landlocked developing countries,1987,Not applicable,15-24 year olds,Percent,0.8350838997
MDG_Latin America,1987,Not applicable,15-24 year olds,Percent,1.006286175
MDG_Latin America and the Caribbean,1987,Not applicable,15-24 year olds,Percent,1.00508337
MDG_Least developed countries,1987,Not applicable,15-24 year olds,Percent,0.747860933
MDG_Northern Africa,1987,Not applicable,15-24 year olds,Percent,0.7425519231
MDG_South-eastern Asia,1987,Not applicable,15-24 year olds,Percent,0.9611438159
MDG_Southern Asia,1987,Not applicable,15-24 year olds,Percent,0.6806551408
MDG_Southern Asia excluding India,1987,Not applicable,15-24 year olds,Percent,0.7089243043
MDG_Sub-Saharan Africa,1987,Not applicable,15-24 year olds,Percent,0.8002997823
MDG_Western Asia,1987,Not applicable,15-24 year olds,Percent,0.8665380622
Seychelles,1987,Not applicable,15-24 year olds,Percent,1.01712
Central African Republic,1988,Not applicable,15-24 year olds,Percent,0.55708
Côte d'Ivoire,1988,Not applicable,15-24 year olds,Percent,0.63148
MDG_Caucasus and Central Asia,1988,Not applicable,15-24 year olds,Percent,1.000090872
MDG_Developing regions,1988,Not applicable,15-24 year olds,Percent,0.8732528955
MDG_Eastern Asia,1988,Not applicable,15-24 year olds,Percent,0.9461177451
MDG_Landlocked developing countries,1988,Not applicable,15-24 year olds,Percent,0.8350838997
MDG_Latin America,1988,Not applicable,15-24 year olds,Percent,1.006286175
MDG_Latin America and the Caribbean,1988,Not applicable,15-24 year olds,Percent,1.00508337
MDG_Least developed countries,1988,Not applicable,15-24 year olds,Percent,0.747860933
MDG_Northern Africa,1988,Not applicable,15-24 year olds,Percent,0.7425519231
MDG_South-eastern Asia,1988,Not applicable,15-24 year olds,Percent,0.9611438159
MDG_Southern Asia,1988,Not applicable,15-24 year olds,Percent,0.6806551408
MDG_Southern Asia excluding India,1988,Not applicable,15-24 year olds,Percent,0.7089243043
MDG_Sub-Saharan Africa,1988,Not applicable,15-24 year olds,Percent,0.8002997823
MDG_Western Asia,1988,Not applicable,15-24 year olds,Percent,0.8665380622
Senegal,1988,Not applicable,15-24 year olds,Percent,0.57066
United Republic of Tanzania,1988,Not applicable,15-24 year olds,Percent,0.90327
Armenia,1989,Not applicable,15-24 year olds,Percent,1.00001
Belarus,1989,Not applicable,15-24 year olds,Percent,1.00069
Estonia,1989,Not applicable,15-24 year olds,Percent,1.00071
Kazakhstan,1989,Not applicable,15-24 year olds,Percent,1.00057
Latvia,1989,Not applicable,15-24 year olds,Percent,1.00071
Lithuania,1989,Not applicable,15-24 year olds,Percent,1.00068
MDG_Caucasus and Central Asia,1989,Not applicable,15-24 year olds,Percent,1.000090872
MDG_Developing regions,1989,Not applicable,15-24 year olds,Percent,0.8732528955
MDG_Eastern Asia,1989,Not applicable,15-24 year olds,Percent,0.9461177451
MDG_Landlocked developing countries,1989,Not applicable,15-24 year olds,Percent,0.8350838997
MDG_Latin America,1989,Not applicable,15-24 year olds,Percent,1.006286175
MDG_Latin America and the Caribbean,1989,Not applicable,15-24 year olds,Percent,1.00508337
MDG_Least developed countries,1989,Not applicable,15-24 year olds,Percent,0.747860933
MDG_Northern Africa,1989,Not applicable,15-24 year olds,Percent,0.7425519231
MDG_South-eastern Asia,1989,Not applicable,15-24 year olds,Percent,0.9611438159
MDG_Southern Asia,1989,Not applicable,15-24 year olds,Percent,0.6806551408
MDG_Southern Asia excluding India,1989,Not applicable,15-24 year olds,Percent,0.7089243043
MDG_Sub-Saharan Africa,1989,Not applicable,15-24 year olds,Percent,0.8002997823
MDG_Western Asia,1989,Not applicable,15-24 year olds,Percent,0.8665380622
Moldova,1989,Not applicable,15-24 year olds,Percent,1.00018
New Caledonia,1989,Not applicable,15-24 year olds,Percent,1.00207
Russian Federation,1989,Not applicable,15-24 year olds,Percent,1.00059
Tajikistan,1989,Not applicable,15-24 year olds,Percent,0.99935
Viet Nam,1989,Not applicable,15-24 year olds,Percent,0.99277
Burundi,1990,Not applicable,15-24 year olds,Percent,0.80694
Cape Verde,1990,Not applicable,15-24 year olds,Percent,0.96071
China,1990,Not applicable,15-24 year olds,Percent,0.94306
Ecuador,1990,Not applicable,15-24 year olds,Percent,0.99231
Guam,1990,Not applicable,15-24 year olds,Percent,0.99948
Indonesia,1990,Not applicable,15-24 year olds,Percent,0.97605
Maldives,1990,Not applicable,15-24 year olds,Percent,1.00243
Mauritius,1990,Not applicable,15-24 year olds,Percent,1.01114
MDG_Caucasus and Central Asia,1990,Not applicable,15-24 year olds,Percent,1.000090872
MDG_Developing regions,1990,Not applicable,15-24 year olds,Percent,0.8732528955
MDG_Eastern Asia,1990,Not applicable,15-24 year olds,Percent,0.9461177451
MDG_Landlocked developing countries,1990,Not applicable,15-24 year olds,Percent,0.8350838997
MDG_Latin America,1990,Not applicable,15-24 year olds,Percent,1.006286175
MDG_Latin America and the Caribbean,1990,Not applicable,15-24 year olds,Percent,1.00508337
MDG_Least developed countries,1990,Not applicable,15-24 year olds,Percent,0.747860933
MDG_Northern Africa,1990,Not applicable,15-24 year olds,Percent,0.7425519231
MDG_South-eastern Asia,1990,Not applicable,15-24 year olds,Percent,0.9611438159
MDG_Southern Asia,1990,Not applicable,15-24 year olds,Percent,0.6806551408
MDG_Southern Asia excluding India,1990,Not applicable,15-24 year olds,Percent,0.7089243043
MDG_Sub-Saharan Africa,1990,Not applicable,15-24 year olds,Percent,0.8002997823
MDG_Western Asia,1990,Not applicable,15-24 year olds,Percent,0.8665380622
Mexico,1990,Not applicable,15-24 year olds,Percent,0.98895
Panama,1990,Not applicable,15-24 year olds,Percent,0.99354
Philippines,1990,Not applicable,15-24 year olds,Percent,1.00624
Puerto Rico,1990,Not applicable,15-24 year olds,Percent,1.02047
Singapore,1990,Not applicable,15-24 year olds,Percent,1.00232
Trinidad and Tobago,1990,Not applicable,15-24 year olds,Percent,1
Turkey,1990,Not applicable,15-24 year olds,Percent,0.91524
Venezuela (Bolivarian Republic of),1990,Not applicable,15-24 year olds,Percent,1.01946
Zambia,1990,Not applicable,15-24 year olds,Percent,0.97406
Argentina,1991,Not applicable,15-24 year olds,Percent,1.00484
Bahrain,1991,Not applicable,15-24 year olds,Percent,0.99301
Bangladesh,1991,Not applicable,15-24 year olds,Percent,0.73429
Belize,1991,Not applicable,15-24 year olds,Percent,1.012727233
Botswana,1991,Not applicable,15-24 year olds,Percent,1.07394
Brunei Darussalam,1991,Not applicable,15-24 year olds,Percent,0.99976
Burkina Faso,1991,Not applicable,15-24 year olds,Percent,0.52909
Croatia,1991,Not applicable,15-24 year olds,Percent,0.99938
Greece,1991,Not applicable,15-24 year olds,Percent,0.99991
India,1991,Not applicable,15-24 year olds,Percent,0.67133
"Iran, Islamic Republic of",1991,Not applicable,15-24 year olds,Percent,0.87846
Malaysia,1991,Not applicable,15-24 year olds,Percent,0.99286
MDG_Caucasus and Central Asia,1991,Not applicable,15-24 year olds,Percent,1.000090872
MDG_Developing regions,1991,Not applicable,15-24 year olds,Percent,0.8732528955
MDG_Eastern Asia,1991,Not applicable,15-24 year olds,Percent,0.9461177451
MDG_Landlocked developing countries,1991,Not applicable,15-24 year olds,Percent,0.8350838997
MDG_Latin America,1991,Not applicable,15-24 year olds,Percent,1.006286175
MDG_Latin America and the Caribbean,1991,Not applicable,15-24 year olds,Percent,1.00508337
MDG_Least developed countries,1991,Not applicable,15-24 year olds,Percent,0.747860933
MDG_Northern Africa,1991,Not applicable,15-24 year olds,Percent,0.7425519231
MDG_South-eastern Asia,1991,Not applicable,15-24 year olds,Percent,0.9611438159
MDG_Southern Asia,1991,Not applicable,15-24 year olds,Percent,0.6806551408
MDG_Southern Asia excluding India,1991,Not applicable,15-24 year olds,Percent,0.7089243043
MDG_Sub-Saharan Africa,1991,Not applicable,15-24 year olds,Percent,0.8002997823
MDG_Western Asia,1991,Not applicable,15-24 year olds,Percent,0.8665380622
Montenegro,1991,Not applicable,15-24 year olds,Percent,0.9972464244
Namibia,1991,Not applicable,15-24 year olds,Percent,1.05501
Nepal,1991,Not applicable,15-24 year olds,Percent,0.47877
Nigeria,1991,Not applicable,15-24 year olds,Percent,0.76808
Portugal,1991,Not applicable,15-24 year olds,Percent,1.00116
Rwanda,1991,Not applicable,15-24 year olds,Percent,0.93547
Samoa,1991,Not applicable,15-24 year olds,Percent,0.99828
Sao Tome and Principe,1991,Not applicable,15-24 year olds,Percent,0.95871
Slovenia,1991,Not applicable,15-24 year olds,Percent,1.00042
Spain,1991,Not applicable,15-24 year olds,Percent,1.0003
Uganda,1991,Not applicable,15-24 year olds,Percent,0.81741
Benin,1992,Not applicable,15-24 year olds,Percent,0.48413
Bolivia,1992,Not applicable,15-24 year olds,Percent,0.95066
Chile,1992,Not applicable,15-24 year olds,Percent,1.00555
Cyprus,1992,Not applicable,15-24 year olds,Percent,1.00085
El Salvador,1992,Not applicable,15-24 year olds,Percent,1.00003
MDG_Caucasus and Central Asia,1992,Not applicable,15-24 year olds,Percent,1.000090872
MDG_Developing regions,1992,Not applicable,15-24 year olds,Percent,0.8732528955
MDG_Eastern Asia,1992,Not applicable,15-24 year olds,Percent,0.9461177451
MDG_Landlocked developing countries,1992,Not applicable,15-24 year olds,Percent,0.8350838997
MDG_Latin America,1992,Not applicable,15-24 year olds,Percent,1.006286175
MDG_Latin America and the Caribbean,1992,Not applicable,15-24 year olds,Percent,1.00508337
MDG_Least developed countries,1992,Not applicable,15-24 year olds,Percent,0.747860933
MDG_Northern Africa,1992,Not applicable,15-24 year olds,Percent,0.7425519231
MDG_South-eastern Asia,1992,Not applicable,15-24 year olds,Percent,0.9611438159
MDG_Southern Asia,1992,Not applicable,15-24 year olds,Percent,0.6806551408
MDG_Southern Asia excluding India,1992,Not applicable,15-24 year olds,Percent,0.7089243043
MDG_Sub-Saharan Africa,1992,Not applicable,15-24 year olds,Percent,0.8002997823
MDG_Western Asia,1992,Not applicable,15-24 year olds,Percent,0.8665380622
Netherlands Antilles,1992,Not applicable,15-24 year olds,Percent,1.00753
Paraguay,1992,Not applicable,15-24 year olds,Percent,0.99483
Romania,1992,Not applicable,15-24 year olds,Percent,0.99851
Saudi Arabia,1992,Not applicable,15-24 year olds,Percent,0.86282
Zimbabwe,1992,Not applicable,15-24 year olds,Percent,0.97734
Chad,1993,Not applicable,15-24 year olds,Percent,0.34084
Colombia,1993,Not applicable,15-24 year olds,Percent,1.01729
Gabon,1993,Not applicable,15-24 year olds,Percent,0.97571
MDG_Caucasus and Central Asia,1993,Not applicable,15-24 year olds,Percent,1.000090872
MDG_Developing regions,1993,Not applicable,15-24 year olds,Percent,0.8732528955
MDG_Eastern Asia,1993,Not applicable,15-24 year olds,Percent,0.9461177451
MDG_Landlocked developing countries,1993,Not applicable,15-24 year olds,Percent,0.8350838997
MDG_Latin America,1993,Not applicable,15-24 year olds,Percent,1.006286175
MDG_Latin America and the Caribbean,1993,Not applicable,15-24 year olds,Percent,1.00508337
MDG_Least developed countries,1993,Not applicable,15-24 year olds,Percent,0.747860933
MDG_Northern Africa,1993,Not applicable,15-24 year olds,Percent,0.7425519231
MDG_South-eastern Asia,1993,Not applicable,15-24 year olds,Percent,0.9611438159
MDG_Southern Asia,1993,Not applicable,15-24 year olds,Percent,0.6806551408
MDG_Southern Asia excluding India,1993,Not applicable,15-24 year olds,Percent,0.7089243043
MDG_Sub-Saharan Africa,1993,Not applicable,15-24 year olds,Percent,0.8002997823
MDG_Western Asia,1993,Not applicable,15-24 year olds,Percent,0.8665380622
Peru,1993,Not applicable,15-24 year olds,Percent,0.96701
Ethiopia,1994,Not applicable,15-24 year olds,Percent,0.71471
Guadeloupe,1994,Not applicable,15-24 year olds,Percent,1.00179
Guatemala,1994,Not applicable,15-24 year olds,Percent,0.8654
Hungary,1994,Not applicable,15-24 year olds,Percent,1.00072
Liberia,1994,Not applicable,15-24 year olds,Percent,0.82404
Libyan Arab Jamahiriya,1994,Not applicable,15-24 year olds,Percent,0.96853
Martinique,1994,Not applicable,15-24 year olds,Percent,0.99632
MDG_Caucasus and Central Asia,1994,Not applicable,15-24 year olds,Percent,1.000090872
MDG_Developing regions,1994,Not applicable,15-24 year olds,Percent,0.8732528955
MDG_Eastern Asia,1994,Not applicable,15-24 year olds,Percent,0.9461177451
MDG_Landlocked developing countries,1994,Not applicable,15-24 year olds,Percent,0.8350838997
MDG_Latin America,1994,Not applicable,15-24 year olds,Percent,1.006286175
MDG_Latin America and the Caribbean,1994,Not applicable,15-24 year olds,Percent,1.00508337
MDG_Least developed countries,1994,Not applicable,15-24 year olds,Percent,0.747860933
MDG_Northern Africa,1994,Not applicable,15-24 year olds,Percent,0.7425519231
MDG_South-eastern Asia,1994,Not applicable,15-24 year olds,Percent,0.9611438159
MDG_Southern Asia,1994,Not applicable,15-24 year olds,Percent,0.6806551408
MDG_Southern Asia excluding India,1994,Not applicable,15-24 year olds,Percent,0.7089243043
MDG_Sub-Saharan Africa,1994,Not applicable,15-24 year olds,Percent,0.8002997823
MDG_Western Asia,1994,Not applicable,15-24 year olds,Percent,0.8665380622
Morocco,1994,Not applicable,15-24 year olds,Percent,0.64434
Palau,1994,Not applicable,15-24 year olds,Percent,0.9810328182
Poland,1994,Not applicable,15-24 year olds,Percent,1
Réunion,1994,Not applicable,15-24 year olds,Percent,1.01405
Seychelles,1994,Not applicable,15-24 year olds,Percent,1.00654
The former Yugoslav Republic of Macedonia,1994,Not applicable,15-24 year olds,Percent,0.99417
Tunisia,1994,Not applicable,15-24 year olds,Percent,0.83039
Vanuatu,1994,Not applicable,15-24 year olds,Percent,0.97555
Yemen,1994,Not applicable,15-24 year olds,Percent,0.42725
Kuwait,1995,Not applicable,15-24 year olds,Percent,0.96146
Lao People's Democratic Republic,1995,Not applicable,15-24 year olds,Percent,0.81271
Maldives,1995,Not applicable,15-24 year olds,Percent,1.0027
Malta,1995,Not applicable,15-24 year olds,Percent,1.03647
MDG_Caribbean,1995,Not applicable,15-24 year olds,Percent,1.007814234
MDG_Caucasus and Central Asia,1995,Not applicable,15-24 year olds,Percent,1.000464069
MDG_Developed regions,1995,Not applicable,15-24 year olds,Percent,0.9997859293
MDG_Developing regions,1995,Not applicable,15-24 year olds,Percent,0.9140670351
MDG_Eastern Asia,1995,Not applicable,15-24 year olds,Percent,0.9934520924
MDG_Landlocked developing countries,1995,Not applicable,15-24 year olds,Percent,0.8336269049
MDG_Latin America,1995,Not applicable,15-24 year olds,Percent,1.00754001
MDG_Latin America and the Caribbean,1995,Not applicable,15-24 year olds,Percent,1.00752056
MDG_Least developed countries,1995,Not applicable,15-24 year olds,Percent,0.8112535899
MDG_Northern Africa,1995,Not applicable,15-24 year olds,Percent,0.862307042
MDG_Oceania,1995,Not applicable,15-24 year olds,Percent,0.9443287993
MDG_Small island developing States,1995,Not applicable,15-24 year olds,Percent,0.9894418296
MDG_South-eastern Asia,1995,Not applicable,15-24 year olds,Percent,0.9947396377
MDG_Southern Asia,1995,Not applicable,15-24 year olds,Percent,0.8113777677
MDG_Southern Asia excluding India,1995,Not applicable,15-24 year olds,Percent,0.8330941856
MDG_Sub-Saharan Africa,1995,Not applicable,15-24 year olds,Percent,0.8186356927
MDG_Western Asia,1995,Not applicable,15-24 year olds,Percent,0.9192634322
Turkmenistan,1995,Not applicable,15-24 year olds,Percent,1.00005
Burkina Faso,1996,Not applicable,15-24 year olds,Percent,0.54891
Colombia,1996,Not applicable,15-24 year olds,Percent,1.01226
Egypt,1996,Not applicable,15-24 year olds,Percent,0.84733
Guinea,1996,Not applicable,15-24 year olds,Percent,0.30537
"Iran, Islamic Republic of",1996,Not applicable,15-24 year olds,Percent,0.94807
MDG_Caribbean,1996,Not applicable,15-24 year olds,Percent,1.007814234
MDG_Caucasus and Central Asia,1996,Not applicable,15-24 year olds,Percent,1.000464069
MDG_Developed regions,1996,Not applicable,15-24 year olds,Percent,0.9997859293
MDG_Developing regions,1996,Not applicable,15-24 year olds,Percent,0.9140670351
MDG_Eastern Asia,1996,Not applicable,15-24 year olds,Percent,0.9934520924
MDG_Landlocked developing countries,1996,Not applicable,15-24 year olds,Percent,0.8336269049
MDG_Latin America,1996,Not applicable,15-24 year olds,Percent,1.00754001
MDG_Latin America and the Caribbean,1996,Not applicable,15-24 year olds,Percent,1.00752056
MDG_Least developed countries,1996,Not applicable,15-24 year olds,Percent,0.8112535899
MDG_Northern Africa,1996,Not applicable,15-24 year olds,Percent,0.862307042
MDG_Oceania,1996,Not applicable,15-24 year olds,Percent,0.9443287993
MDG_Small island developing States,1996,Not applicable,15-24 year olds,Percent,0.9894418296
MDG_South-eastern Asia,1996,Not applicable,15-24 year olds,Percent,0.9947396377
MDG_Southern Asia,1996,Not applicable,15-24 year olds,Percent,0.8113777677
MDG_Southern Asia excluding India,1996,Not applicable,15-24 year olds,Percent,0.8330941856
MDG_Sub-Saharan Africa,1996,Not applicable,15-24 year olds,Percent,0.8186356927
MDG_Western Asia,1996,Not applicable,15-24 year olds,Percent,0.9192634322
South Africa,1996,Not applicable,15-24 year olds,Percent,1.00845
Tonga,1996,Not applicable,15-24 year olds,Percent,1.0009
Uruguay,1996,Not applicable,15-24 year olds,Percent,1.0088
MDG_Caribbean,1997,Not applicable,15-24 year olds,Percent,1.007814234
MDG_Caucasus and Central Asia,1997,Not applicable,15-24 year olds,Percent,1.000464069
MDG_Developed regions,1997,Not applicable,15-24 year olds,Percent,0.9997859293
MDG_Developing regions,1997,Not applicable,15-24 year olds,Percent,0.9140670351
MDG_Eastern Asia,1997,Not applicable,15-24 year olds,Percent,0.9934520924
MDG_Landlocked developing countries,1997,Not applicable,15-24 year olds,Percent,0.8336269049
MDG_Latin America,1997,Not applicable,15-24 year olds,Percent,1.00754001
MDG_Latin America and the Caribbean,1997,Not applicable,15-24 year olds,Percent,1.00752056
MDG_Least developed countries,1997,Not applicable,15-24 year olds,Percent,0.8112535899
MDG_Northern Africa,1997,Not applicable,15-24 year olds,Percent,0.862307042
MDG_Oceania,1997,Not applicable,15-24 year olds,Percent,0.9443287993
MDG_Small island developing States,1997,Not applicable,15-24 year olds,Percent,0.9894418296
MDG_South-eastern Asia,1997,Not applicable,15-24 year olds,Percent,0.9947396377
MDG_Southern Asia,1997,Not applicable,15-24 year olds,Percent,0.8113777677
MDG_Southern Asia excluding India,1997,Not applicable,15-24 year olds,Percent,0.8330941856
MDG_Sub-Saharan Africa,1997,Not applicable,15-24 year olds,Percent,0.8186356927
MDG_Western Asia,1997,Not applicable,15-24 year olds,Percent,0.9192634322
Mozambique,1997,Not applicable,15-24 year olds,Percent,0.61483
Occupied Palestinian Territory,1997,Not applicable,15-24 year olds,Percent,1.00284
Qatar,1997,Not applicable,15-24 year olds,Percent,1.01792
Cambodia,1998,Not applicable,15-24 year olds,Percent,0.86835
Côte d'Ivoire,1998,Not applicable,15-24 year olds,Percent,0.73248
Malawi,1998,Not applicable,15-24 year olds,Percent,0.86125
Mali,1998,Not applicable,15-24 year olds,Percent,0.52279
MDG_Caribbean,1998,Not applicable,15-24 year olds,Percent,1.007814234
MDG_Caucasus and Central Asia,1998,Not applicable,15-24 year olds,Percent,1.000464069
MDG_Developed regions,1998,Not applicable,15-24 year olds,Percent,0.9997859293
MDG_Developing regions,1998,Not applicable,15-24 year olds,Percent,0.9140670351
MDG_Eastern Asia,1998,Not applicable,15-24 year olds,Percent,0.9934520924
MDG_Landlocked developing countries,1998,Not applicable,15-24 year olds,Percent,0.8336269049
MDG_Latin America,1998,Not applicable,15-24 year olds,Percent,1.00754001
MDG_Latin America and the Caribbean,1998,Not applicable,15-24 year olds,Percent,1.00752056
MDG_Least developed countries,1998,Not applicable,15-24 year olds,Percent,0.8112535899
MDG_Northern Africa,1998,Not applicable,15-24 year olds,Percent,0.862307042
MDG_Oceania,1998,Not applicable,15-24 year olds,Percent,0.9443287993
MDG_Small island developing States,1998,Not applicable,15-24 year olds,Percent,0.9894418296
MDG_South-eastern Asia,1998,Not applicable,15-24 year olds,Percent,0.9947396377
MDG_Southern Asia,1998,Not applicable,15-24 year olds,Percent,0.8113777677
MDG_Southern Asia excluding India,1998,Not applicable,15-24 year olds,Percent,0.8330941856
MDG_Sub-Saharan Africa,1998,Not applicable,15-24 year olds,Percent,0.8186356927
MDG_Western Asia,1998,Not applicable,15-24 year olds,Percent,0.9192634322
Pakistan,1998,Not applicable,15-24 year olds,Percent,0.64206
Azerbaijan,1999,Not applicable,15-24 year olds,Percent,1.00031
Belarus,1999,Not applicable,15-24 year olds,Percent,1.00072
Jamaica,1999,Not applicable,15-24 year olds,Percent,1.1029
Kazakhstan,1999,Not applicable,15-24 year olds,Percent,1.00059
Kyrgyzstan,1999,Not applicable,15-24 year olds,Percent,1.00091
MDG_Caribbean,1999,Not applicable,15-24 year olds,Percent,1.007814234
MDG_Caucasus and Central Asia,1999,Not applicable,15-24 year olds,Percent,1.000464069
MDG_Developed regions,1999,Not applicable,15-24 year olds,Percent,0.9997859293
MDG_Developing regions,1999,Not applicable,15-24 year olds,Percent,0.9140670351
MDG_Eastern Asia,1999,Not applicable,15-24 year olds,Percent,0.9934520924
MDG_Landlocked developing countries,1999,Not applicable,15-24 year olds,Percent,0.8336269049
MDG_Latin America,1999,Not applicable,15-24 year olds,Percent,1.00754001
MDG_Latin America and the Caribbean,1999,Not applicable,15-24 year olds,Percent,1.00752056
MDG_Least developed countries,1999,Not applicable,15-24 year olds,Percent,0.8112535899
MDG_Northern Africa,1999,Not applicable,15-24 year olds,Percent,0.862307042
MDG_Oceania,1999,Not applicable,15-24 year olds,Percent,0.9443287993
MDG_Small island developing States,1999,Not applicable,15-24 year olds,Percent,0.9894418296
MDG_South-eastern Asia,1999,Not applicable,15-24 year olds,Percent,0.9947396377
MDG_Southern Asia,1999,Not applicable,15-24 year olds,Percent,0.8113777677
MDG_Southern Asia excluding India,1999,Not applicable,15-24 year olds,Percent,0.8330941856
MDG_Sub-Saharan Africa,1999,Not applicable,15-24 year olds,Percent,0.8186356927
MDG_Western Asia,1999,Not applicable,15-24 year olds,Percent,0.9192634322
Solomon Islands,1999,Not applicable,15-24 year olds,Percent,0.8888888889
Zambia,1999,Not applicable,15-24 year olds,Percent,0.91202
Aruba,2000,Not applicable,15-24 year olds,Percent,1.00288
Bosnia and Herzegovina,2000,Not applicable,15-24 year olds,Percent,1.00096
Brazil,2000,Not applicable,15-24 year olds,Percent,1.03308
Burundi,2000,Not applicable,15-24 year olds,Percent,0.91645
Cameroon,2000,Not applicable,15-24 year olds,Percent,0.8817
Central African Republic,2000,Not applicable,15-24 year olds,Percent,0.67525
Chad,2000,Not applicable,15-24 year olds,Percent,0.41726
China,2000,Not applicable,15-24 year olds,Percent,0.99301
Comoros,2000,Not applicable,15-24 year olds,Percent,0.92384
Costa Rica,2000,Not applicable,15-24 year olds,Percent,1.00865
Côte d'Ivoire,2000,Not applicable,15-24 year olds,Percent,0.73581
Equatorial Guinea,2000,Not applicable,15-24 year olds,Percent,0.98992
Estonia,2000,Not applicable,15-24 year olds,Percent,1.00084
Gambia,2000,Not applicable,15-24 year olds,Percent,0.64336
Ghana,2000,Not applicable,15-24 year olds,Percent,0.86231
Guinea-Bissau,2000,Not applicable,15-24 year olds,Percent,0.61367
Iraq,2000,Not applicable,15-24 year olds,Percent,0.90524
Kenya,2000,Not applicable,15-24 year olds,Percent,0.98535
Lao People's Democratic Republic,2000,Not applicable,15-24 year olds,Percent,0.83533
Latvia,2000,Not applicable,15-24 year olds,Percent,1.00065
Lesotho,2000,Not applicable,15-24 year olds,Percent,1.14937
Madagascar,2000,Not applicable,15-24 year olds,Percent,0.9385
Malaysia,2000,Not applicable,15-24 year olds,Percent,1.00061
Maldives,2000,Not applicable,15-24 year olds,Percent,1.0027
Mauritania,2000,Not applicable,15-24 year olds,Percent,0.81916
Mauritius,2000,Not applicable,15-24 year olds,Percent,1.0175
MDG_Caribbean,2000,Not applicable,15-24 year olds,Percent,1.007814234
MDG_Caucasus and Central Asia,2000,Not applicable,15-24 year olds,Percent,1.000464069
MDG_Developed regions,2000,Not applicable,15-24 year olds,Percent,0.9997859293
MDG_Developing regions,2000,Not applicable,15-24 year olds,Percent,0.9140670351
MDG_Eastern Asia,2000,Not applicable,15-24 year olds,Percent,0.9934520924
MDG_Landlocked developing countries,2000,Not applicable,15-24 year olds,Percent,0.8336269049
MDG_Latin America,2000,Not applicable,15-24 year olds,Percent,1.00754001
MDG_Latin America and the Caribbean,2000,Not applicable,15-24 year olds,Percent,1.00752056
MDG_Least developed countries,2000,Not applicable,15-24 year olds,Percent,0.8112535899
MDG_Northern Africa,2000,Not applicable,15-24 year olds,Percent,0.862307042
MDG_Oceania,2000,Not applicable,15-24 year olds,Percent,0.9443287993
MDG_Small island developing States,2000,Not applicable,15-24 year olds,Percent,0.9894418296
MDG_South-eastern Asia,2000,Not applicable,15-24 year olds,Percent,0.9947396377
MDG_Southern Asia,2000,Not applicable,15-24 year olds,Percent,0.8113777677
MDG_Southern Asia excluding India,2000,Not applicable,15-24 year olds,Percent,0.8330941856
MDG_Sub-Saharan Africa,2000,Not applicable,15-24 year olds,Percent,0.8186356927
MDG_Western Asia,2000,Not applicable,15-24 year olds,Percent,0.9192634322
Mexico,2000,Not applicable,15-24 year olds,Percent,0.99722
Moldova,2000,Not applicable,15-24 year olds,Percent,1.0025
Mongolia,2000,Not applicable,15-24 year olds,Percent,1.01478
Myanmar,2000,Not applicable,15-24 year olds,Percent,0.97581
Panama,2000,Not applicable,15-24 year olds,Percent,0.9906
Papua New Guinea,2000,Not applicable,15-24 year olds,Percent,0.92658
Philippines,2000,Not applicable,15-24 year olds,Percent,1.01336
Rwanda,2000,Not applicable,15-24 year olds,Percent,0.97886
Saudi Arabia,2000,Not applicable,15-24 year olds,Percent,0.95553
Singapore,2000,Not applicable,15-24 year olds,Percent,1.00196
Sudan,2000,Not applicable,15-24 year olds,Percent,0.84406
Swaziland,2000,Not applicable,15-24 year olds,Percent,1.0248
Tajikistan,2000,Not applicable,15-24 year olds,Percent,1.00005
Thailand,2000,Not applicable,15-24 year olds,Percent,0.99743
Togo,2000,Not applicable,15-24 year olds,Percent,0.75854
Uzbekistan,2000,Not applicable,15-24 year olds,Percent,1.00041
Viet Nam,2000,Not applicable,15-24 year olds,Percent,0.98397
Albania,2001,Not applicable,15-24 year olds,Percent,1.0013
Angola,2001,Not applicable,15-24 year olds,Percent,0.75417
Argentina,2001,Not applicable,15-24 year olds,Percent,1.00425
Armenia,2001,Not applicable,15-24 year olds,Percent,1.0011
Bahrain,2001,Not applicable,15-24 year olds,Percent,1.00437
Bangladesh,2001,Not applicable,15-24 year olds,Percent,0.89715
Bolivia,2001,Not applicable,15-24 year olds,Percent,0.97529
Brunei Darussalam,2001,Not applicable,15-24 year olds,Percent,1.00038
Bulgaria,2001,Not applicable,15-24 year olds,Percent,0.99797
Croatia,2001,Not applicable,15-24 year olds,Percent,1.00009
Cyprus,2001,Not applicable,15-24 year olds,Percent,1.00079
Democratic Republic of the Congo,2001,Not applicable,15-24 year olds,Percent,0.80905
Ecuador,2001,Not applicable,15-24 year olds,Percent,1.00118
Greece,2001,Not applicable,15-24 year olds,Percent,1.00098
Honduras,2001,Not applicable,15-24 year olds,Percent,1.04626
India,2001,Not applicable,15-24 year olds,Percent,0.80467
Italy,2001,Not applicable,15-24 year olds,Percent,1.00016
Lao People's Democratic Republic,2001,Not applicable,15-24 year olds,Percent,0.90415
Lithuania,2001,Not applicable,15-24 year olds,Percent,1.0008
Macao Special Administrative Region of China,2001,Not applicable,15-24 year olds,Percent,1.00382
MDG_Caribbean,2001,Not applicable,15-24 year olds,Percent,1.007814234
MDG_Caucasus and Central Asia,2001,Not applicable,15-24 year olds,Percent,1.000464069
MDG_Developed regions,2001,Not applicable,15-24 year olds,Percent,0.9997859293
MDG_Developing regions,2001,Not applicable,15-24 year olds,Percent,0.9140670351
MDG_Eastern Asia,2001,Not applicable,15-24 year olds,Percent,0.9934520924
MDG_Landlocked developing countries,2001,Not applicable,15-24 year olds,Percent,0.8336269049
MDG_Latin America,2001,Not applicable,15-24 year olds,Percent,1.00754001
MDG_Latin America and the Caribbean,2001,Not applicable,15-24 year olds,Percent,1.00752056
MDG_Least developed countries,2001,Not applicable,15-24 year olds,Percent,0.8112535899
MDG_Northern Africa,2001,Not applicable,15-24 year olds,Percent,0.862307042
MDG_Oceania,2001,Not applicable,15-24 year olds,Percent,0.9443287993
MDG_Small island developing States,2001,Not applicable,15-24 year olds,Percent,0.9894418296
MDG_South-eastern Asia,2001,Not applicable,15-24 year olds,Percent,0.9947396377
MDG_Southern Asia,2001,Not applicable,15-24 year olds,Percent,0.8113777677
MDG_Southern Asia excluding India,2001,Not applicable,15-24 year olds,Percent,0.8330941856
MDG_Sub-Saharan Africa,2001,Not applicable,15-24 year olds,Percent,0.8186356927
MDG_Western Asia,2001,Not applicable,15-24 year olds,Percent,0.9192634322
Namibia,2001,Not applicable,15-24 year olds,Percent,1.02553
Nepal,2001,Not applicable,15-24 year olds,Percent,0.74605
Nicaragua,2001,Not applicable,15-24 year olds,Percent,1.06203
Niger,2001,Not applicable,15-24 year olds,Percent,0.54264
Sao Tome and Principe,2001,Not applicable,15-24 year olds,Percent,0.98832
Sri Lanka,2001,Not applicable,15-24 year olds,Percent,1.01111
Ukraine,2001,Not applicable,15-24 year olds,Percent,1.00058
Venezuela (Bolivarian Republic of),2001,Not applicable,15-24 year olds,Percent,1.01806
Algeria,2002,Not applicable,15-24 year olds,Percent,0.91576
Benin,2002,Not applicable,15-24 year olds,Percent,0.5614
Chile,2002,Not applicable,15-24 year olds,Percent,1.00384
Cuba,2002,Not applicable,15-24 year olds,Percent,0.99996
Dominican Republic,2002,Not applicable,15-24 year olds,Percent,1.026
Eritrea,2002,Not applicable,15-24 year olds,Percent,0.80557
Georgia,2002,Not applicable,15-24 year olds,Percent,1.00074
Guatemala,2002,Not applicable,15-24 year olds,Percent,0.90752
"Iran, Islamic Republic of",2002,Not applicable,15-24 year olds,Percent,0.98045
MDG_Caribbean,2002,Not applicable,15-24 year olds,Percent,1.007814234
MDG_Caucasus and Central Asia,2002,Not applicable,15-24 year olds,Percent,1.000464069
MDG_Developed regions,2002,Not applicable,15-24 year olds,Percent,0.9997859293
MDG_Developing regions,2002,Not applicable,15-24 year olds,Percent,0.9140670351
MDG_Eastern Asia,2002,Not applicable,15-24 year olds,Percent,0.9934520924
MDG_Landlocked developing countries,2002,Not applicable,15-24 year olds,Percent,0.8336269049
MDG_Latin America,2002,Not applicable,15-24 year olds,Percent,1.00754001
MDG_Latin America and the Caribbean,2002,Not applicable,15-24 year olds,Percent,1.00752056
MDG_Least developed countries,2002,Not applicable,15-24 year olds,Percent,0.8112535899
MDG_Northern Africa,2002,Not applicable,15-24 year olds,Percent,0.862307042
MDG_Oceania,2002,Not applicable,15-24 year olds,Percent,0.9443287993
MDG_Small island developing States,2002,Not applicable,15-24 year olds,Percent,0.9894418296
MDG_South-eastern Asia,2002,Not applicable,15-24 year olds,Percent,0.9947396377
MDG_Southern Asia,2002,Not applicable,15-24 year olds,Percent,0.8113777677
MDG_Southern Asia excluding India,2002,Not applicable,15-24 year olds,Percent,0.8330941856
MDG_Sub-Saharan Africa,2002,Not applicable,15-24 year olds,Percent,0.8186356927
MDG_Western Asia,2002,Not applicable,15-24 year olds,Percent,0.9192634322
Mexico,2002,Not applicable,15-24 year olds,Percent,0.99317
Romania,2002,Not applicable,15-24 year olds,Percent,1.00036
Russian Federation,2002,Not applicable,15-24 year olds,Percent,1.00092
Senegal,2002,Not applicable,15-24 year olds,Percent,0.70049
Seychelles,2002,Not applicable,15-24 year olds,Percent,1.00611
Syrian Arab Republic,2002,Not applicable,15-24 year olds,Percent,0.95697
The former Yugoslav Republic of Macedonia,2002,Not applicable,15-24 year olds,Percent,0.99495
Uganda,2002,Not applicable,15-24 year olds,Percent,0.88624
United Republic of Tanzania,2002,Not applicable,15-24 year olds,Percent,0.94173
Zambia,2002,Not applicable,15-24 year olds,Percent,0.85315
Botswana,2003,Not applicable,15-24 year olds,Percent,1.03815
Burkina Faso,2003,Not applicable,15-24 year olds,Percent,0.64645
Guinea,2003,Not applicable,15-24 year olds,Percent,0.57295
Haiti,2003,Not applicable,15-24 year olds,Percent,0.97619
Jordan,2003,Not applicable,15-24 year olds,Percent,0.99582
Mali,2003,Not applicable,15-24 year olds,Percent,0.64689
MDG_Caribbean,2003,Not applicable,15-24 year olds,Percent,1.007814234
MDG_Caucasus and Central Asia,2003,Not applicable,15-24 year olds,Percent,1.000464069
MDG_Developed regions,2003,Not applicable,15-24 year olds,Percent,0.9997859293
MDG_Developing regions,2003,Not applicable,15-24 year olds,Percent,0.9140670351
MDG_Eastern Asia,2003,Not applicable,15-24 year olds,Percent,0.9934520924
MDG_Landlocked developing countries,2003,Not applicable,15-24 year olds,Percent,0.8336269049
MDG_Latin America,2003,Not applicable,15-24 year olds,Percent,1.00754001
MDG_Latin America and the Caribbean,2003,Not applicable,15-24 year olds,Percent,1.00752056
MDG_Least developed countries,2003,Not applicable,15-24 year olds,Percent,0.8112535899
MDG_Northern Africa,2003,Not applicable,15-24 year olds,Percent,0.862307042
MDG_Oceania,2003,Not applicable,15-24 year olds,Percent,0.9443287993
MDG_Small island developing States,2003,Not applicable,15-24 year olds,Percent,0.9894418296
MDG_South-eastern Asia,2003,Not applicable,15-24 year olds,Percent,0.9947396377
MDG_Southern Asia,2003,Not applicable,15-24 year olds,Percent,0.8113777677
MDG_Southern Asia excluding India,2003,Not applicable,15-24 year olds,Percent,0.8330941856
MDG_Sub-Saharan Africa,2003,Not applicable,15-24 year olds,Percent,0.8186356927
MDG_Western Asia,2003,Not applicable,15-24 year olds,Percent,0.9192634322
Montenegro,2003,Not applicable,15-24 year olds,Percent,0.9990211593
Mozambique,2003,Not applicable,15-24 year olds,Percent,0.67292
Nigeria,2003,Not applicable,15-24 year olds,Percent,0.77449
Oman,2003,Not applicable,15-24 year olds,Percent,0.9877
Philippines,2003,Not applicable,15-24 year olds,Percent,1.03208
Serbia,2003,Not applicable,15-24 year olds,Percent,0.9992298793
Brazil,2004,Not applicable,15-24 year olds,Percent,1.02213
Cambodia,2004,Not applicable,15-24 year olds,Percent,0.89736
Cape Verde,2004,Not applicable,15-24 year olds,Percent,1.01874
Chad,2004,Not applicable,15-24 year olds,Percent,0.573
Colombia,2004,Not applicable,15-24 year olds,Percent,1.0088
El Salvador,2004,Not applicable,15-24 year olds,Percent,1.00228
Ethiopia,2004,Not applicable,15-24 year olds,Percent,0.6189710611
Gabon,2004,Not applicable,15-24 year olds,Percent,0.97748
Guadeloupe,2004,Not applicable,15-24 year olds,Percent,1.00045
Hungary,2004,Not applicable,15-24 year olds,Percent,1.00186
Indonesia,2004,Not applicable,15-24 year olds,Percent,0.99671
Liberia,2004,Not applicable,15-24 year olds,Percent,0.55605
Libyan Arab Jamahiriya,2004,Not applicable,15-24 year olds,Percent,0.99592
Martinique,2004,Not applicable,15-24 year olds,Percent,0.9962947384
MDG_Caribbean,2004,Not applicable,15-24 year olds,Percent,1.007814234
MDG_Caucasus and Central Asia,2004,Not applicable,15-24 year olds,Percent,1.000464069
MDG_Developed regions,2004,Not applicable,15-24 year olds,Percent,0.9997859293
MDG_Developing regions,2004,Not applicable,15-24 year olds,Percent,0.9140670351
MDG_Eastern Asia,2004,Not applicable,15-24 year olds,Percent,0.9934520924
MDG_Landlocked developing countries,2004,Not applicable,15-24 year olds,Percent,0.8336269049
MDG_Latin America,2004,Not applicable,15-24 year olds,Percent,1.00754001
MDG_Latin America and the Caribbean,2004,Not applicable,15-24 year olds,Percent,1.00752056
MDG_Least developed countries,2004,Not applicable,15-24 year olds,Percent,0.8112535899
MDG_Northern Africa,2004,Not applicable,15-24 year olds,Percent,0.862307042
MDG_Oceania,2004,Not applicable,15-24 year olds,Percent,0.9443287993
MDG_Small island developing States,2004,Not applicable,15-24 year olds,Percent,0.9894418296
MDG_South-eastern Asia,2004,Not applicable,15-24 year olds,Percent,0.9947396377
MDG_Southern Asia,2004,Not applicable,15-24 year olds,Percent,0.8113777677
MDG_Southern Asia excluding India,2004,Not applicable,15-24 year olds,Percent,0.8330941856
MDG_Sub-Saharan Africa,2004,Not applicable,15-24 year olds,Percent,0.8186356927
MDG_Western Asia,2004,Not applicable,15-24 year olds,Percent,0.9192634322
Mexico,2004,Not applicable,15-24 year olds,Percent,1.00093
Morocco,2004,Not applicable,15-24 year olds,Percent,0.74865
Occupied Palestinian Territory,2004,Not applicable,15-24 year olds,Percent,0.99665
Palau,2004,Not applicable,15-24 year olds,Percent,0.9910316923
Peru,2004,Not applicable,15-24 year olds,Percent,0.97805
Poland,2004,Not applicable,15-24 year olds,Percent,1
Puerto Rico,2004,Not applicable,15-24 year olds,Percent,1.01377
Qatar,2004,Not applicable,15-24 year olds,Percent,1.02797
Réunion,2004,Not applicable,15-24 year olds,Percent,1.013909257
Samoa,2004,Not applicable,15-24 year olds,Percent,1.00108
Saudi Arabia,2004,Not applicable,15-24 year olds,Percent,0.97651
Sierra Leone,2004,Not applicable,15-24 year olds,Percent,0.62665
Slovenia,2004,Not applicable,15-24 year olds,Percent,1.00078
Spain,2004,Not applicable,15-24 year olds,Percent,0.99954
Suriname,2004,Not applicable,15-24 year olds,Percent,0.98455
Syrian Arab Republic,2004,Not applicable,15-24 year olds,Percent,0.95361
Trinidad and Tobago,2004,Not applicable,15-24 year olds,Percent,1.00013
Tunisia,2004,Not applicable,15-24 year olds,Percent,0.9569
Turkey,2004,Not applicable,15-24 year olds,Percent,0.95175
Vanuatu,2004,Not applicable,15-24 year olds,Percent,0.99736
Yemen,2004,Not applicable,15-24 year olds,Percent,0.65126
Bhutan,2005,Not applicable,15-24 year olds,Percent,0.84911
Burkina Faso,2005,Not applicable,15-24 year olds,Percent,0.65585
Colombia,2005,Not applicable,15-24 year olds,Percent,1.0088
Egypt,2005,Not applicable,15-24 year olds,Percent,0.87645
Ethiopia,2005,Not applicable,15-24 year olds,Percent,0.59586
Greece,2005,Not applicable,15-24 year olds,Percent,0.99991
"Iran, Islamic Republic of",2005,Not applicable,15-24 year olds,Percent,0.98601
Jordan,2005,Not applicable,15-24 year olds,Percent,1.00093
Kuwait,2005,Not applicable,15-24 year olds,Percent,1.00097
Lao People's Democratic Republic,2005,Not applicable,15-24 year olds,Percent,0.88286
Malta,2005,Not applicable,15-24 year olds,Percent,1.01694
MDG_Caribbean,2005,Not applicable,15-24 year olds,Percent,0.9921583323
MDG_Caucasus and Central Asia,2005,Not applicable,15-24 year olds,Percent,1.000327166
MDG_Developed regions,2005,Not applicable,15-24 year olds,Percent,0.9997647218
MDG_Developing regions,2005,Not applicable,15-24 year olds,Percent,0.9502243597
MDG_Eastern Asia,2005,Not applicable,15-24 year olds,Percent,0.9991031611
MDG_Landlocked developing countries,2005,Not applicable,15-24 year olds,Percent,0.8865655736
MDG_Latin America,2005,Not applicable,15-24 year olds,Percent,1.00509205
MDG_Latin America and the Caribbean,2005,Not applicable,15-24 year olds,Percent,1.004285182
MDG_Least developed countries,2005,Not applicable,15-24 year olds,Percent,0.8994988062
MDG_Northern Africa,2005,Not applicable,15-24 year olds,Percent,0.9410324042
MDG_Oceania,2005,Not applicable,15-24 year olds,Percent,0.9434863209
MDG_Small island developing States,2005,Not applicable,15-24 year olds,Percent,0.9845521523
MDG_South-eastern Asia,2005,Not applicable,15-24 year olds,Percent,0.999872335
MDG_Southern Asia,2005,Not applicable,15-24 year olds,Percent,0.9107110006
MDG_Southern Asia excluding India,2005,Not applicable,15-24 year olds,Percent,0.9187113907
MDG_Sub-Saharan Africa,2005,Not applicable,15-24 year olds,Percent,0.8635981487
MDG_Western Asia,2005,Not applicable,15-24 year olds,Percent,0.9673119769
Mexico,2005,Not applicable,15-24 year olds,Percent,0.99983
Nicaragua,2005,Not applicable,15-24 year olds,Percent,1.0433
Niger,2005,Not applicable,15-24 year olds,Percent,0.44228
Pakistan,2005,Not applicable,15-24 year olds,Percent,0.69259
Peru,2005,Not applicable,15-24 year olds,Percent,0.98332
Spain,2005,Not applicable,15-24 year olds,Percent,0.9993
Thailand,2005,Not applicable,15-24 year olds,Percent,0.99656
Turkey,2005,Not applicable,15-24 year olds,Percent,0.95526
United Arab Emirates,2005,Not applicable,15-24 year olds,Percent,1.03606
Algeria,2006,Not applicable,15-24 year olds,Percent,0.94445
Benin,2006,Not applicable,15-24 year olds,Percent,0.56111
Brazil,2006,Not applicable,15-24 year olds,Percent,1.01616
Burkina Faso,2006,Not applicable,15-24 year olds,Percent,0.66632
Colombia,2006,Not applicable,15-24 year olds,Percent,1.00678
Egypt,2006,Not applicable,15-24 year olds,Percent,0.93051
El Salvador,2006,Not applicable,15-24 year olds,Percent,1.01119
Haiti,2006,Not applicable,15-24 year olds,Percent,0.94774
India,2006,Not applicable,15-24 year olds,Percent,0.84102
Indonesia,2006,Not applicable,15-24 year olds,Percent,0.99222
"Iran, Islamic Republic of",2006,Not applicable,15-24 year olds,Percent,0.98957
Kuwait,2006,Not applicable,15-24 year olds,Percent,0.99977
Macao Special Administrative Region of China,2006,Not applicable,15-24 year olds,Percent,1.00113
Maldives,2006,Not applicable,15-24 year olds,Percent,1.00121
Mali,2006,Not applicable,15-24 year olds,Percent,0.65003
MDG_Caribbean,2006,Not applicable,15-24 year olds,Percent,0.9921583323
MDG_Caucasus and Central Asia,2006,Not applicable,15-24 year olds,Percent,1.000327166
MDG_Developed regions,2006,Not applicable,15-24 year olds,Percent,0.9997647218
MDG_Developing regions,2006,Not applicable,15-24 year olds,Percent,0.9502243597
MDG_Eastern Asia,2006,Not applicable,15-24 year olds,Percent,0.9991031611
MDG_Landlocked developing countries,2006,Not applicable,15-24 year olds,Percent,0.8865655736
MDG_Latin America,2006,Not applicable,15-24 year olds,Percent,1.00509205
MDG_Latin America and the Caribbean,2006,Not applicable,15-24 year olds,Percent,1.004285182
MDG_Least developed countries,2006,Not applicable,15-24 year olds,Percent,0.8994988062
MDG_Northern Africa,2006,Not applicable,15-24 year olds,Percent,0.9410324042
MDG_Oceania,2006,Not applicable,15-24 year olds,Percent,0.9434863209
MDG_Small island developing States,2006,Not applicable,15-24 year olds,Percent,0.9845521523
MDG_South-eastern Asia,2006,Not applicable,15-24 year olds,Percent,0.999872335
MDG_Southern Asia,2006,Not applicable,15-24 year olds,Percent,0.9107110006
MDG_Southern Asia excluding India,2006,Not applicable,15-24 year olds,Percent,0.9187113907
MDG_Sub-Saharan Africa,2006,Not applicable,15-24 year olds,Percent,0.8635981487
MDG_Western Asia,2006,Not applicable,15-24 year olds,Percent,0.9673119769
Mexico,2006,Not applicable,15-24 year olds,Percent,0.99578
Occupied Palestinian Territory,2006,Not applicable,15-24 year olds,Percent,1.00107
Pakistan,2006,Not applicable,15-24 year olds,Percent,0.73791
Peru,2006,Not applicable,15-24 year olds,Percent,0.98421
Senegal,2006,Not applicable,15-24 year olds,Percent,0.76628
Sri Lanka,2006,Not applicable,15-24 year olds,Percent,1.0094
Togo,2006,Not applicable,15-24 year olds,Percent,0.80046
Tonga,2006,Not applicable,15-24 year olds,Percent,1.00255
Turkey,2006,Not applicable,15-24 year olds,Percent,0.95683
Uganda,2006,Not applicable,15-24 year olds,Percent,0.92968
Uruguay,2006,Not applicable,15-24 year olds,Percent,1.00816
Azerbaijan,2007,Not applicable,15-24 year olds,Percent,1
Bolivia,2007,Not applicable,15-24 year olds,Percent,0.99389
Brazil,2007,Not applicable,15-24 year olds,Percent,1.01548
Burkina Faso,2007,Not applicable,15-24 year olds,Percent,0.70881
Cameroon,2007,Not applicable,15-24 year olds,Percent,0.86652
Cayman Islands,2007,Not applicable,15-24 year olds,Percent,0.99477
Colombia,2007,Not applicable,15-24 year olds,Percent,1.0096
Democratic Republic of the Congo,2007,Not applicable,15-24 year olds,Percent,0.6746
Dominican Republic,2007,Not applicable,15-24 year olds,Percent,1.02434
Ecuador,2007,Not applicable,15-24 year olds,Percent,1.00431
El Salvador,2007,Not applicable,15-24 year olds,Percent,1.00719
Ethiopia,2007,Not applicable,15-24 year olds,Percent,0.74703
Honduras,2007,Not applicable,15-24 year olds,Percent,1.02545
Jordan,2007,Not applicable,15-24 year olds,Percent,0.99994
Kenya,2007,Not applicable,15-24 year olds,Percent,0.9811
Kuwait,2007,Not applicable,15-24 year olds,Percent,1.00111
Lebanon,2007,Not applicable,15-24 year olds,Percent,1.00697
Liberia,2007,Not applicable,15-24 year olds,Percent,0.58581
Mauritania,2007,Not applicable,15-24 year olds,Percent,0.71856
MDG_Caribbean,2007,Not applicable,15-24 year olds,Percent,0.9921583323
MDG_Caucasus and Central Asia,2007,Not applicable,15-24 year olds,Percent,1.000327166
MDG_Developed regions,2007,Not applicable,15-24 year olds,Percent,0.9997647218
MDG_Developing regions,2007,Not applicable,15-24 year olds,Percent,0.9502243597
MDG_Eastern Asia,2007,Not applicable,15-24 year olds,Percent,0.9991031611
MDG_Landlocked developing countries,2007,Not applicable,15-24 year olds,Percent,0.8865655736
MDG_Latin America,2007,Not applicable,15-24 year olds,Percent,1.00509205
MDG_Latin America and the Caribbean,2007,Not applicable,15-24 year olds,Percent,1.004285182
MDG_Least developed countries,2007,Not applicable,15-24 year olds,Percent,0.8994988062
MDG_Northern Africa,2007,Not applicable,15-24 year olds,Percent,0.9410324042
MDG_Oceania,2007,Not applicable,15-24 year olds,Percent,0.9434863209
MDG_Small island developing States,2007,Not applicable,15-24 year olds,Percent,0.9845521523
MDG_South-eastern Asia,2007,Not applicable,15-24 year olds,Percent,0.999872335
MDG_Southern Asia,2007,Not applicable,15-24 year olds,Percent,0.9107110006
MDG_Southern Asia excluding India,2007,Not applicable,15-24 year olds,Percent,0.9187113907
MDG_Sub-Saharan Africa,2007,Not applicable,15-24 year olds,Percent,0.8635981487
MDG_Western Asia,2007,Not applicable,15-24 year olds,Percent,0.9673119769
Mexico,2007,Not applicable,15-24 year olds,Percent,0.99916
Namibia,2007,Not applicable,15-24 year olds,Percent,1.08862
Occupied Palestinian Territory,2007,Not applicable,15-24 year olds,Percent,0.99851
Paraguay,2007,Not applicable,15-24 year olds,Percent,0.99969
Peru,2007,Not applicable,15-24 year olds,Percent,0.98665
Qatar,2007,Not applicable,15-24 year olds,Percent,0.99869
South Africa,2007,Not applicable,15-24 year olds,Percent,1.01079
Spain,2007,Not applicable,15-24 year olds,Percent,0.99978
Tunisia,2007,Not applicable,15-24 year olds,Percent,0.96816
Turkey,2007,Not applicable,15-24 year olds,Percent,0.95643
Uruguay,2007,Not applicable,15-24 year olds,Percent,1.00538
Venezuela (Bolivarian Republic of),2007,Not applicable,15-24 year olds,Percent,1.0088
Zambia,2007,Not applicable,15-24 year olds,Percent,0.83173
Albania,2008,Not applicable,15-24 year olds,Percent,1.00593
Algeria,2008,Not applicable,15-24 year olds,Percent,0.95815
Bolivia,2008,Not applicable,15-24 year olds,Percent,0.99486
Brazil,2008,Not applicable,15-24 year olds,Percent,1.0139
Burundi,2008,Not applicable,15-24 year olds,Percent,0.98349
Cambodia,2008,Not applicable,15-24 year olds,Percent,0.95694
Chile,2008,Not applicable,15-24 year olds,Percent,1.00082
Colombia,2008,Not applicable,15-24 year olds,Percent,1.00902
Democratic People's Republic of Korea,2008,Not applicable,15-24 year olds,Percent,1
El Salvador,2008,Not applicable,15-24 year olds,Percent,1.0113
Indonesia,2008,Not applicable,15-24 year olds,Percent,0.99844
"Iran, Islamic Republic of",2008,Not applicable,15-24 year olds,Percent,0.99195
Kuwait,2008,Not applicable,15-24 year olds,Percent,1.00177
MDG_Caribbean,2008,Not applicable,15-24 year olds,Percent,0.9921583323
MDG_Caucasus and Central Asia,2008,Not applicable,15-24 year olds,Percent,1.000327166
MDG_Developed regions,2008,Not applicable,15-24 year olds,Percent,0.9997647218
MDG_Developing regions,2008,Not applicable,15-24 year olds,Percent,0.9502243597
MDG_Eastern Asia,2008,Not applicable,15-24 year olds,Percent,0.9991031611
MDG_Landlocked developing countries,2008,Not applicable,15-24 year olds,Percent,0.8865655736
MDG_Latin America,2008,Not applicable,15-24 year olds,Percent,1.00509205
MDG_Latin America and the Caribbean,2008,Not applicable,15-24 year olds,Percent,1.004285182
MDG_Least developed countries,2008,Not applicable,15-24 year olds,Percent,0.8994988062
MDG_Northern Africa,2008,Not applicable,15-24 year olds,Percent,0.9410324042
MDG_Oceania,2008,Not applicable,15-24 year olds,Percent,0.9434863209
MDG_Small island developing States,2008,Not applicable,15-24 year olds,Percent,0.9845521523
MDG_South-eastern Asia,2008,Not applicable,15-24 year olds,Percent,0.999872335
MDG_Southern Asia,2008,Not applicable,15-24 year olds,Percent,0.9107110006
MDG_Southern Asia excluding India,2008,Not applicable,15-24 year olds,Percent,0.9187113907
MDG_Sub-Saharan Africa,2008,Not applicable,15-24 year olds,Percent,0.8635981487
MDG_Western Asia,2008,Not applicable,15-24 year olds,Percent,0.9673119769
Mexico,2008,Not applicable,15-24 year olds,Percent,0.99946
Morocco,2008,Not applicable,15-24 year olds,Percent,0.81461
Nigeria,2008,Not applicable,15-24 year olds,Percent,0.76693
Occupied Palestinian Territory,2008,Not applicable,15-24 year olds,Percent,0.99759
Oman,2008,Not applicable,15-24 year olds,Percent,0.99991
Pakistan,2008,Not applicable,15-24 year olds,Percent,0.77121
Paraguay,2008,Not applicable,15-24 year olds,Percent,1.00553
Philippines,2008,Not applicable,15-24 year olds,Percent,1.01517
Qatar,2008,Not applicable,15-24 year olds,Percent,1.01643
Sao Tome and Principe,2008,Not applicable,15-24 year olds,Percent,0.93114
South Sudan,2008,Not applicable,15-24 year olds,Percent,0.6710084533
Spain,2008,Not applicable,15-24 year olds,Percent,1.00075
Sri Lanka,2008,Not applicable,15-24 year olds,Percent,1.01288
Sudan,2008,Not applicable,15-24 year olds,Percent,0.91334
Suriname,2008,Not applicable,15-24 year olds,Percent,1.00084
Tunisia,2008,Not applicable,15-24 year olds,Percent,0.97607
Uruguay,2008,Not applicable,15-24 year olds,Percent,1.00702
Azerbaijan,2009,Not applicable,15-24 year olds,Percent,0.99989
Belarus,2009,Not applicable,15-24 year olds,Percent,1.00047
Bolivia,2009,Not applicable,15-24 year olds,Percent,0.99389
Brazil,2009,Not applicable,15-24 year olds,Percent,1.01279
Cambodia,2009,Not applicable,15-24 year olds,Percent,0.97185
Chile,2009,Not applicable,15-24 year olds,Percent,1.00031
Colombia,2009,Not applicable,15-24 year olds,Percent,1.0102
Ecuador,2009,Not applicable,15-24 year olds,Percent,1.00027
El Salvador,2009,Not applicable,15-24 year olds,Percent,1.0065
Guyana,2009,Not applicable,15-24 year olds,Percent,1.01351
Indonesia,2009,Not applicable,15-24 year olds,Percent,0.99846
Kazakhstan,2009,Not applicable,15-24 year olds,Percent,1.00061
Kyrgyzstan,2009,Not applicable,15-24 year olds,Percent,1.00095
Lesotho,2009,Not applicable,15-24 year olds,Percent,1.24141
Madagascar,2009,Not applicable,15-24 year olds,Percent,0.97045
MDG_Caribbean,2009,Not applicable,15-24 year olds,Percent,0.9921583323
MDG_Caucasus and Central Asia,2009,Not applicable,15-24 year olds,Percent,1.000327166
MDG_Developed regions,2009,Not applicable,15-24 year olds,Percent,0.9997647218
MDG_Developing regions,2009,Not applicable,15-24 year olds,Percent,0.9502243597
MDG_Eastern Asia,2009,Not applicable,15-24 year olds,Percent,0.9991031611
MDG_Landlocked developing countries,2009,Not applicable,15-24 year olds,Percent,0.8865655736
MDG_Latin America,2009,Not applicable,15-24 year olds,Percent,1.00509205
MDG_Latin America and the Caribbean,2009,Not applicable,15-24 year olds,Percent,1.004285182
MDG_Least developed countries,2009,Not applicable,15-24 year olds,Percent,0.8994988062
MDG_Northern Africa,2009,Not applicable,15-24 year olds,Percent,0.9410324042
MDG_Oceania,2009,Not applicable,15-24 year olds,Percent,0.9434863209
MDG_Small island developing States,2009,Not applicable,15-24 year olds,Percent,0.9845521523
MDG_South-eastern Asia,2009,Not applicable,15-24 year olds,Percent,0.999872335
MDG_Southern Asia,2009,Not applicable,15-24 year olds,Percent,0.9107110006
MDG_Southern Asia excluding India,2009,Not applicable,15-24 year olds,Percent,0.9187113907
MDG_Sub-Saharan Africa,2009,Not applicable,15-24 year olds,Percent,0.8635981487
MDG_Western Asia,2009,Not applicable,15-24 year olds,Percent,0.9673119769
Mexico,2009,Not applicable,15-24 year olds,Percent,0.99708
Morocco,2009,Not applicable,15-24 year olds,Percent,0.83185
Mozambique,2009,Not applicable,15-24 year olds,Percent,0.70816
Occupied Palestinian Territory,2009,Not applicable,15-24 year olds,Percent,1.00001
Pakistan,2009,Not applicable,15-24 year olds,Percent,0.77659
Paraguay,2009,Not applicable,15-24 year olds,Percent,1.00966
Qatar,2009,Not applicable,15-24 year olds,Percent,1.0025
Senegal,2009,Not applicable,15-24 year olds,Percent,0.75726
South Africa,2009,Not applicable,15-24 year olds,Percent,1.00921
Spain,2009,Not applicable,15-24 year olds,Percent,0.99918
Togo,2009,Not applicable,15-24 year olds,Percent,0.85082
Turkey,2009,Not applicable,15-24 year olds,Percent,0.97527
Uruguay,2009,Not applicable,15-24 year olds,Percent,1.01499
Venezuela (Bolivarian Republic of),2009,Not applicable,15-24 year olds,Percent,1.00545
Viet Nam,2009,Not applicable,15-24 year olds,Percent,0.99369
Aruba,2010,Not applicable,15-24 year olds,Percent,1.00361
Azerbaijan,2010,Not applicable,15-24 year olds,Percent,0.99966
Bahrain,2010,Not applicable,15-24 year olds,Percent,0.98948
Brazil,2010,Not applicable,15-24 year olds,Percent,1.01657
Cameroon,2010,Not applicable,15-24 year olds,Percent,0.89489
Central African Republic,2010,Not applicable,15-24 year olds,Percent,0.55205
China,2010,Not applicable,15-24 year olds,Percent,0.99903
Colombia,2010,Not applicable,15-24 year olds,Percent,1.00854
Dominican Republic,2010,Not applicable,15-24 year olds,Percent,1.02201
Ecuador,2010,Not applicable,15-24 year olds,Percent,1.00391
Egypt,2010,Not applicable,15-24 year olds,Percent,0.93098
El Salvador,2010,Not applicable,15-24 year olds,Percent,1.00749
Ghana,2010,Not applicable,15-24 year olds,Percent,0.94252
Guinea,2010,Not applicable,15-24 year olds,Percent,0.58021
Honduras,2010,Not applicable,15-24 year olds,Percent,1.01514
Jordan,2010,Not applicable,15-24 year olds,Percent,1.00008
Malawi,2010,Not applicable,15-24 year olds,Percent,0.94227
Malaysia,2010,Not applicable,15-24 year olds,Percent,1.00078
Mali,2010,Not applicable,15-24 year olds,Percent,0.60218
MDG_Caribbean,2010,Not applicable,15-24 year olds,Percent,0.9921583323
MDG_Caucasus and Central Asia,2010,Not applicable,15-24 year olds,Percent,1.000327166
MDG_Developed regions,2010,Not applicable,15-24 year olds,Percent,0.9997647218
MDG_Developing regions,2010,Not applicable,15-24 year olds,Percent,0.9502243597
MDG_Eastern Asia,2010,Not applicable,15-24 year olds,Percent,0.9991031611
MDG_Landlocked developing countries,2010,Not applicable,15-24 year olds,Percent,0.8865655736
MDG_Latin America,2010,Not applicable,15-24 year olds,Percent,1.00509205
MDG_Latin America and the Caribbean,2010,Not applicable,15-24 year olds,Percent,1.004285182
MDG_Least developed countries,2010,Not applicable,15-24 year olds,Percent,0.8994988062
MDG_Northern Africa,2010,Not applicable,15-24 year olds,Percent,0.9410324042
MDG_Oceania,2010,Not applicable,15-24 year olds,Percent,0.9434863209
MDG_Small island developing States,2010,Not applicable,15-24 year olds,Percent,0.9845521523
MDG_South-eastern Asia,2010,Not applicable,15-24 year olds,Percent,0.999872335
MDG_Southern Asia,2010,Not applicable,15-24 year olds,Percent,0.9107110006
MDG_Southern Asia excluding India,2010,Not applicable,15-24 year olds,Percent,0.9187113907
MDG_Sub-Saharan Africa,2010,Not applicable,15-24 year olds,Percent,0.8635981487
MDG_Western Asia,2010,Not applicable,15-24 year olds,Percent,0.9673119769
Mexico,2010,Not applicable,15-24 year olds,Percent,1.00118
Mongolia,2010,Not applicable,15-24 year olds,Percent,1.00905
Occupied Palestinian Territory,2010,Not applicable,15-24 year olds,Percent,1.00063
Oman,2010,Not applicable,15-24 year olds,Percent,1.0078
Pakistan,2010,Not applicable,15-24 year olds,Percent,0.78359
Panama,2010,Not applicable,15-24 year olds,Percent,0.9939
Paraguay,2010,Not applicable,15-24 year olds,Percent,1.00232
Puerto Rico,2010,Not applicable,15-24 year olds,Percent,1.0004
Qatar,2010,Not applicable,15-24 year olds,Percent,1.02011
Russian Federation,2010,Not applicable,15-24 year olds,Percent,1.00096
Rwanda,2010,Not applicable,15-24 year olds,Percent,1.01714
Seychelles,2010,Not applicable,15-24 year olds,Percent,1.00808
Singapore,2010,Not applicable,15-24 year olds,Percent,1.00029
South Africa,2010,Not applicable,15-24 year olds,Percent,1.00521
Spain,2010,Not applicable,15-24 year olds,Percent,1.0018
Sri Lanka,2010,Not applicable,15-24 year olds,Percent,1.00924
Suriname,2010,Not applicable,15-24 year olds,Percent,1.00847
Swaziland,2010,Not applicable,15-24 year olds,Percent,1.02778
Thailand,2010,Not applicable,15-24 year olds,Percent,0.99906
Timor-Leste,2010,Not applicable,15-24 year olds,Percent,0.97613
Tunisia,2010,Not applicable,15-24 year olds,Percent,0.97844
Turkey,2010,Not applicable,15-24 year olds,Percent,0.97967
Uganda,2010,Not applicable,15-24 year olds,Percent,0.95355
United Republic of Tanzania,2010,Not applicable,15-24 year olds,Percent,0.95137
Uruguay,2010,Not applicable,15-24 year olds,Percent,1.0088
Zambia,2010,Not applicable,15-24 year olds,Percent,0.94861
Afghanistan,2011,Not applicable,15-24 year olds,Percent,0.5189674564
Albania,2011,Not applicable,15-24 year olds,Percent,1.00126
Armenia,2011,Not applicable,15-24 year olds,Percent,1.00058
Azerbaijan,2011,Not applicable,15-24 year olds,Percent,0.99976
Bolivia,2011,Not applicable,15-24 year olds,Percent,0.99522
Brazil,2011,Not applicable,15-24 year olds,Percent,1.01188
Brunei Darussalam,2011,Not applicable,15-24 year olds,Percent,1.00349
Bulgaria,2011,Not applicable,15-24 year olds,Percent,0.99576
Chile,2011,Not applicable,15-24 year olds,Percent,1.00394
Colombia,2011,Not applicable,15-24 year olds,Percent,1.00986
Congo,2011,Not applicable,15-24 year olds,Percent,0.89803
Costa Rica,2011,Not applicable,15-24 year olds,Percent,1.00253
Croatia,2011,Not applicable,15-24 year olds,Percent,1.00024
Cyprus,2011,Not applicable,15-24 year olds,Percent,1.00034
Dominican Republic,2011,Not applicable,15-24 year olds,Percent,1.02042
Ecuador,2011,Not applicable,15-24 year olds,Percent,1.00222
El Salvador,2011,Not applicable,15-24 year olds,Percent,1.00827
Estonia,2011,Not applicable,15-24 year olds,Percent,1.0002
Honduras,2011,Not applicable,15-24 year olds,Percent,1.02101
India,2011,Not applicable,15-24 year olds,Percent,0.90899
Indonesia,2011,Not applicable,15-24 year olds,Percent,0.99947
Italy,2011,Not applicable,15-24 year olds,Percent,1.00018
Jordan,2011,Not applicable,15-24 year olds,Percent,1.00204
Latvia,2011,Not applicable,15-24 year olds,Percent,1.00068
Lithuania,2011,Not applicable,15-24 year olds,Percent,1.00021
Macao Special Administrative Region of China,2011,Not applicable,15-24 year olds,Percent,1.00035
Mali,2011,Not applicable,15-24 year olds,Percent,0.69268
Malta,2011,Not applicable,15-24 year olds,Percent,1.00999
Marshall Islands,2011,Not applicable,15-24 year olds,Percent,1.00598
Mauritius,2011,Not applicable,15-24 year olds,Percent,1.00908
MDG_Caribbean,2011,Not applicable,15-24 year olds,Percent,0.9921583323
MDG_Caucasus and Central Asia,2011,Not applicable,15-24 year olds,Percent,1.000327166
MDG_Developed regions,2011,Not applicable,15-24 year olds,Percent,0.9997647218
MDG_Developing regions,2011,Not applicable,15-24 year olds,Percent,0.9502243597
MDG_Eastern Asia,2011,Not applicable,15-24 year olds,Percent,0.9991031611
MDG_Landlocked developing countries,2011,Not applicable,15-24 year olds,Percent,0.8865655736
MDG_Latin America,2011,Not applicable,15-24 year olds,Percent,1.00509205
MDG_Latin America and the Caribbean,2011,Not applicable,15-24 year olds,Percent,1.004285182
MDG_Least developed countries,2011,Not applicable,15-24 year olds,Percent,0.8994988062
MDG_Northern Africa,2011,Not applicable,15-24 year olds,Percent,0.9410324042
MDG_Oceania,2011,Not applicable,15-24 year olds,Percent,0.9434863209
MDG_Small island developing States,2011,Not applicable,15-24 year olds,Percent,0.9845521523
MDG_South-eastern Asia,2011,Not applicable,15-24 year olds,Percent,0.999872335
MDG_Southern Asia,2011,Not applicable,15-24 year olds,Percent,0.9107110006
MDG_Southern Asia excluding India,2011,Not applicable,15-24 year olds,Percent,0.9187113907
MDG_Sub-Saharan Africa,2011,Not applicable,15-24 year olds,Percent,0.8635981487
MDG_Western Asia,2011,Not applicable,15-24 year olds,Percent,0.9673119769
Mexico,2011,Not applicable,15-24 year olds,Percent,1.00092
Montenegro,2011,Not applicable,15-24 year olds,Percent,0.9969
Morocco,2011,Not applicable,15-24 year olds,Percent,0.83344
Namibia,2011,Not applicable,15-24 year olds,Percent,1.0202
Nepal,2011,Not applicable,15-24 year olds,Percent,0.89234
Occupied Palestinian Territory,2011,Not applicable,15-24 year olds,Percent,1.00108
Pakistan,2011,Not applicable,15-24 year olds,Percent,0.80901
Portugal,2011,Not applicable,15-24 year olds,Percent,1.00088
Qatar,2011,Not applicable,15-24 year olds,Percent,1.01199
Romania,2011,Not applicable,15-24 year olds,Percent,0.99962
Samoa,2011,Not applicable,15-24 year olds,Percent,1.00433
Senegal,2011,Not applicable,15-24 year olds,Percent,0.79765
Serbia,2011,Not applicable,15-24 year olds,Percent,0.99924
Singapore,2011,Not applicable,15-24 year olds,Percent,0.99918
South Africa,2011,Not applicable,15-24 year olds,Percent,1.00733
Spain,2011,Not applicable,15-24 year olds,Percent,1.00092
Togo,2011,Not applicable,15-24 year olds,Percent,0.83653
Tonga,2011,Not applicable,15-24 year olds,Percent,1.00145
Tunisia,2011,Not applicable,15-24 year olds,Percent,0.98047
Turkey,2011,Not applicable,15-24 year olds,Percent,0.98481
Uruguay,2011,Not applicable,15-24 year olds,Percent,1.00515
Venezuela (Bolivarian Republic of),2011,Not applicable,15-24 year olds,Percent,1.0139
Zimbabwe,2011,Not applicable,15-24 year olds,Percent,1.02828
Albania,2012,Not applicable,15-24 year olds,Percent,0.99642
Azerbaijan,2012,Not applicable,15-24 year olds,Percent,0.99963
Bhutan,2012,Not applicable,15-24 year olds,Percent,0.93464
Bolivia,2012,Not applicable,15-24 year olds,Percent,0.99663
Brazil,2012,Not applicable,15-24 year olds,Percent,1.00808
Cape Verde,2012,Not applicable,15-24 year olds,Percent,1.00538
Côte d'Ivoire,2012,Not applicable,15-24 year olds,Percent,0.6643
Cuba,2012,Not applicable,15-24 year olds,Percent,1.0004
Democratic Republic of the Congo,2012,Not applicable,15-24 year olds,Percent,0.84196
Dominican Republic,2012,Not applicable,15-24 year olds,Percent,1.01503
Ecuador,2012,Not applicable,15-24 year olds,Percent,1.00123
Egypt,2012,Not applicable,15-24 year olds,Percent,0.93174
Gabon,2012,Not applicable,15-24 year olds,Percent,1.02334
Guatemala,2012,Not applicable,15-24 year olds,Percent,0.96309
Honduras,2012,Not applicable,15-24 year olds,Percent,1.02111
"Iran, Islamic Republic of",2012,Not applicable,15-24 year olds,Percent,0.99316
Jordan,2012,Not applicable,15-24 year olds,Percent,1.00203
Kuwait,2012,Not applicable,15-24 year olds,Percent,1.001
MDG_Caribbean,2012,Not applicable,15-24 year olds,Percent,0.9921583323
MDG_Caucasus and Central Asia,2012,Not applicable,15-24 year olds,Percent,1.000327166
MDG_Developed regions,2012,Not applicable,15-24 year olds,Percent,0.9997647218
MDG_Developing regions,2012,Not applicable,15-24 year olds,Percent,0.9502243597
MDG_Eastern Asia,2012,Not applicable,15-24 year olds,Percent,0.9991031611
MDG_Landlocked developing countries,2012,Not applicable,15-24 year olds,Percent,0.8865655736
MDG_Latin America,2012,Not applicable,15-24 year olds,Percent,1.00509205
MDG_Latin America and the Caribbean,2012,Not applicable,15-24 year olds,Percent,1.004285182
MDG_Least developed countries,2012,Not applicable,15-24 year olds,Percent,0.8994988062
MDG_Northern Africa,2012,Not applicable,15-24 year olds,Percent,0.9410324042
MDG_Oceania,2012,Not applicable,15-24 year olds,Percent,0.9434863209
MDG_Small island developing States,2012,Not applicable,15-24 year olds,Percent,0.9845521523
MDG_South-eastern Asia,2012,Not applicable,15-24 year olds,Percent,0.999872335
MDG_Southern Asia,2012,Not applicable,15-24 year olds,Percent,0.9107110006
MDG_Southern Asia excluding India,2012,Not applicable,15-24 year olds,Percent,0.9187113907
MDG_Sub-Saharan Africa,2012,Not applicable,15-24 year olds,Percent,0.8635981487
MDG_Western Asia,2012,Not applicable,15-24 year olds,Percent,0.9673119769
Mexico,2012,Not applicable,15-24 year olds,Percent,1.00313
Niger,2012,Not applicable,15-24 year olds,Percent,0.43603
Occupied Palestinian Territory,2012,Not applicable,15-24 year olds,Percent,0.99881
Pakistan,2012,Not applicable,15-24 year olds,Percent,0.80303
Peru,2012,Not applicable,15-24 year olds,Percent,0.99956
Qatar,2012,Not applicable,15-24 year olds,Percent,1.01164
Rwanda,2012,Not applicable,15-24 year olds,Percent,1.02918
Sao Tome and Principe,2012,Not applicable,15-24 year olds,Percent,0.99207
Singapore,2012,Not applicable,15-24 year olds,Percent,0.99996
South Africa,2012,Not applicable,15-24 year olds,Percent,1.00786
Spain,2012,Not applicable,15-24 year olds,Percent,1.00065
Tunisia,2012,Not applicable,15-24 year olds,Percent,0.977
Turkey,2012,Not applicable,15-24 year olds,Percent,0.98817
Uganda,2012,Not applicable,15-24 year olds,Percent,0.95213
United Republic of Tanzania,2012,Not applicable,15-24 year olds,Percent,0.97331
Uruguay,2012,Not applicable,15-24 year olds,Percent,1.00681
Azerbaijan,2013,Not applicable,15-24 year olds,Percent,0.9995
Brazil,2013,Not applicable,15-24 year olds,Percent,1.00995
Chile,2013,Not applicable,15-24 year olds,Percent,1.00083
Dominican Republic,2013,Not applicable,15-24 year olds,Percent,1.0154
Ecuador,2013,Not applicable,15-24 year olds,Percent,1.00054
Egypt,2013,Not applicable,15-24 year olds,Percent,0.96451
El Salvador,2013,Not applicable,15-24 year olds,Percent,1.00571
Guatemala,2013,Not applicable,15-24 year olds,Percent,0.95316
Honduras,2013,Not applicable,15-24 year olds,Percent,1.02608
"Iran, Islamic Republic of",2013,Not applicable,15-24 year olds,Percent,0.99316
Kuwait,2013,Not applicable,15-24 year olds,Percent,0.99787
MDG_Caribbean,2013,Not applicable,15-24 year olds,Percent,0.9921583323
MDG_Caucasus and Central Asia,2013,Not applicable,15-24 year olds,Percent,1.000327166
MDG_Developed regions,2013,Not applicable,15-24 year olds,Percent,0.9997647218
MDG_Developing regions,2013,Not applicable,15-24 year olds,Percent,0.9502243597
MDG_Eastern Asia,2013,Not applicable,15-24 year olds,Percent,0.9991031611
MDG_Landlocked developing countries,2013,Not applicable,15-24 year olds,Percent,0.8865655736
MDG_Latin America,2013,Not applicable,15-24 year olds,Percent,1.00509205
MDG_Latin America and the Caribbean,2013,Not applicable,15-24 year olds,Percent,1.004285182
MDG_Least developed countries,2013,Not applicable,15-24 year olds,Percent,0.8994988062
MDG_Northern Africa,2013,Not applicable,15-24 year olds,Percent,0.9410324042
MDG_Oceania,2013,Not applicable,15-24 year olds,Percent,0.9434863209
MDG_Small island developing States,2013,Not applicable,15-24 year olds,Percent,0.9845521523
MDG_South-eastern Asia,2013,Not applicable,15-24 year olds,Percent,0.999872335
MDG_Southern Asia,2013,Not applicable,15-24 year olds,Percent,0.9107110006
MDG_Southern Asia excluding India,2013,Not applicable,15-24 year olds,Percent,0.9187113907
MDG_Sub-Saharan Africa,2013,Not applicable,15-24 year olds,Percent,0.8635981487
MDG_Western Asia,2013,Not applicable,15-24 year olds,Percent,0.9673119769
Mexico,2013,Not applicable,15-24 year olds,Percent,1.00076
Occupied Palestinian Territory,2013,Not applicable,15-24 year olds,Percent,0.99855
Pakistan,2013,Not applicable,15-24 year olds,Percent,0.79893
Palau,2013,Not applicable,15-24 year olds,Percent,1.000344205
Philippines,2013,Not applicable,15-24 year olds,Percent,1.01427
Qatar,2013,Not applicable,15-24 year olds,Percent,1.00519
Saudi Arabia,2013,Not applicable,15-24 year olds,Percent,0.99835
Senegal,2013,Not applicable,15-24 year olds,Percent,0.834
Singapore,2013,Not applicable,15-24 year olds,Percent,0.99997
Spain,2013,Not applicable,15-24 year olds,Percent,0.99948
Thailand,2013,Not applicable,15-24 year olds,Percent,1.00691
Turkey,2013,Not applicable,15-24 year olds,Percent,0.9905
Uruguay,2013,Not applicable,15-24 year olds,Percent,1.00757
Uzbekistan,2013,Not applicable,15-24 year olds,Percent,1
Angola,2014,Not applicable,15-24 year olds,Percent,0.848
Argentina,2014,Not applicable,15-24 year olds,Percent,1.0036
Azerbaijan,2014,Not applicable,15-24 year olds,Percent,0.9996
Bangladesh,2014,Not applicable,15-24 year olds,Percent,1.0609
Bosnia and Herzegovina,2014,Not applicable,15-24 year olds,Percent,0.99994
Botswana,2014,Not applicable,15-24 year olds,Percent,1.03659
Burkina Faso,2014,Not applicable,15-24 year olds,Percent,0.77175
Chad,2014,Not applicable,15-24 year olds,Percent,0.8761
Colombia,2014,Not applicable,15-24 year olds,Percent,1.00858
Comoros,2014,Not applicable,15-24 year olds,Percent,1.01096
Dominican Republic,2014,Not applicable,15-24 year olds,Percent,1.0071
Equatorial Guinea,2014,Not applicable,15-24 year olds,Percent,1.01013
Eritrea,2014,Not applicable,15-24 year olds,Percent,0.96615
Gambia,2014,Not applicable,15-24 year olds,Percent,0.9236
Georgia,2014,Not applicable,15-24 year olds,Percent,1.00111
Greece,2014,Not applicable,15-24 year olds,Percent,0.99836
Guadeloupe,2014,Not applicable,15-24 year olds,Percent,1.00012
Guatemala,2014,Not applicable,15-24 year olds,Percent,0.97683
Guinea-Bissau,2014,Not applicable,15-24 year olds,Percent,0.89489
Honduras,2014,Not applicable,15-24 year olds,Percent,1.0131
Hungary,2014,Not applicable,15-24 year olds,Percent,1.00305
Indonesia,2014,Not applicable,15-24 year olds,Percent,0.99997
Iraq,2014,Not applicable,15-24 year olds,Percent,0.97287
Jamaica,2014,Not applicable,15-24 year olds,Percent,1.0522
Libyan Arab Jamahiriya,2014,Not applicable,15-24 year olds,Percent,0.99958
Martinique,2014,Not applicable,15-24 year olds,Percent,0.99892
MDG_Caribbean,2014,Not applicable,15-24 year olds,Percent,0.9921583323
MDG_Caucasus and Central Asia,2014,Not applicable,15-24 year olds,Percent,1.000327166
MDG_Developed regions,2014,Not applicable,15-24 year olds,Percent,0.9997647218
MDG_Developing regions,2014,Not applicable,15-24 year olds,Percent,0.9502243597
MDG_Eastern Asia,2014,Not applicable,15-24 year olds,Percent,0.9991031611
MDG_Landlocked developing countries,2014,Not applicable,15-24 year olds,Percent,0.8865655736
MDG_Latin America,2014,Not applicable,15-24 year olds,Percent,1.00509205
MDG_Latin America and the Caribbean,2014,Not applicable,15-24 year olds,Percent,1.004285182
MDG_Least developed countries,2014,Not applicable,15-24 year olds,Percent,0.8994988062
MDG_Northern Africa,2014,Not applicable,15-24 year olds,Percent,0.9410324042
MDG_Oceania,2014,Not applicable,15-24 year olds,Percent,0.9434863209
MDG_Small island developing States,2014,Not applicable,15-24 year olds,Percent,0.9845521523
MDG_South-eastern Asia,2014,Not applicable,15-24 year olds,Percent,0.999872335
MDG_Southern Asia,2014,Not applicable,15-24 year olds,Percent,0.9107110006
MDG_Southern Asia excluding India,2014,Not applicable,15-24 year olds,Percent,0.9187113907
MDG_Sub-Saharan Africa,2014,Not applicable,15-24 year olds,Percent,0.8635981487
MDG_Western Asia,2014,Not applicable,15-24 year olds,Percent,0.9673119769
Mexico,2014,Not applicable,15-24 year olds,Percent,1.00159
Moldova,2014,Not applicable,15-24 year olds,Percent,1
Myanmar,2014,Not applicable,15-24 year olds,Percent,0.99872
New Caledonia,2014,Not applicable,15-24 year olds,Percent,1.00248
Occupied Palestinian Territory,2014,Not applicable,15-24 year olds,Percent,0.99913
Oman,2014,Not applicable,15-24 year olds,Percent,0.99925
Papua New Guinea,2014,Not applicable,15-24 year olds,Percent,0.92658
Paraguay,2014,Not applicable,15-24 year olds,Percent,0.99561
Peru,2014,Not applicable,15-24 year olds,Percent,0.99629
Poland,2014,Not applicable,15-24 year olds,Percent,1
Qatar,2014,Not applicable,15-24 year olds,Percent,1.01287
Réunion,2014,Not applicable,15-24 year olds,Percent,1.00214
Sierra Leone,2014,Not applicable,15-24 year olds,Percent,0.76817
Singapore,2014,Not applicable,15-24 year olds,Percent,1.00007
Slovenia,2014,Not applicable,15-24 year olds,Percent,1.00098
South Africa,2014,Not applicable,15-24 year olds,Percent,1.00408
Spain,2014,Not applicable,15-24 year olds,Percent,0.99934
Syrian Arab Republic,2014,Not applicable,15-24 year olds,Percent,0.98254
Tajikistan,2014,Not applicable,15-24 year olds,Percent,1.00027
The former Yugoslav Republic of Macedonia,2014,Not applicable,15-24 year olds,Percent,0.99725
Trinidad and Tobago,2014,Not applicable,15-24 year olds,Percent,1.00017
Turkey,2014,Not applicable,15-24 year olds,Percent,0.99202
Turkmenistan,2014,Not applicable,15-24 year olds,Percent,1.00138
Ukraine,2014,Not applicable,15-24 year olds,Percent,1.00084
Uruguay,2014,Not applicable,15-24 year olds,Percent,1.011
Uzbekistan,2014,Not applicable,15-24 year olds,Percent,1
Vanuatu,2014,Not applicable,15-24 year olds,Percent,1.00454
Yemen,2014,Not applicable,15-24 year olds,Percent,0.83385
Afghanistan,2015,Not applicable,15-24 year olds,Percent,0.66416
Albania,2015,Not applicable,15-24 year olds,Percent,1.00106
Algeria,2015,Not applicable,15-24 year olds,Percent,0.99064
Angola,2015,Not applicable,15-24 year olds,Percent,0.85594
Argentina,2015,Not applicable,15-24 year olds,Percent,1.00355
Armenia,2015,Not applicable,15-24 year olds,Percent,1.00056
Aruba,2015,Not applicable,15-24 year olds,Percent,0.99913
Azerbaijan,2015,Not applicable,15-24 year olds,Percent,0.99959
Bahrain,2015,Not applicable,15-24 year olds,Percent,0.99953
Bangladesh,2015,Not applicable,15-24 year olds,Percent,1.06504
Belarus,2015,Not applicable,15-24 year olds,Percent,1.00041
Belize,2015,Not applicable,15-24 year olds,Percent,1.03028
Benin,2015,Not applicable,15-24 year olds,Percent,0.67911
Bhutan,2015,Not applicable,15-24 year olds,Percent,0.96663
Bolivia,2015,Not applicable,15-24 year olds,Percent,0.99704
Bosnia and Herzegovina,2015,Not applicable,15-24 year olds,Percent,0.99987
Botswana,2015,Not applicable,15-24 year olds,Percent,1.03502
Brazil,2015,Not applicable,15-24 year olds,Percent,1.0085
Brunei Darussalam,2015,Not applicable,15-24 year olds,Percent,1.00215
Bulgaria,2015,Not applicable,15-24 year olds,Percent,0.99571
Burkina Faso,2015,Not applicable,15-24 year olds,Percent,0.80362
Burundi,2015,Not applicable,15-24 year olds,Percent,1.00497
Cambodia,2015,Not applicable,15-24 year olds,Percent,1.00923
Cameroon,2015,Not applicable,15-24 year olds,Percent,0.92341
Cape Verde,2015,Not applicable,15-24 year olds,Percent,1.00445
Central African Republic,2015,Not applicable,15-24 year olds,Percent,0.5520451485
Chad,2015,Not applicable,15-24 year olds,Percent,0.90722
Chile,2015,Not applicable,15-24 year olds,Percent,1.00034
China,2015,Not applicable,15-24 year olds,Percent,0.99968
Colombia,2015,Not applicable,15-24 year olds,Percent,1.00889
Comoros,2015,Not applicable,15-24 year olds,Percent,1.0151
Congo,2015,Not applicable,15-24 year olds,Percent,0.89803
Costa Rica,2015,Not applicable,15-24 year olds,Percent,1.00211
Côte d'Ivoire,2015,Not applicable,15-24 year olds,Percent,0.68261
Croatia,2015,Not applicable,15-24 year olds,Percent,1.00024
Cuba,2015,Not applicable,15-24 year olds,Percent,1.00035
Cyprus,2015,Not applicable,15-24 year olds,Percent,1.00039
Democratic People's Republic of Korea,2015,Not applicable,15-24 year olds,Percent,1
Democratic Republic of the Congo,2015,Not applicable,15-24 year olds,Percent,0.87865
Dominican Republic,2015,Not applicable,15-24 year olds,Percent,1.00642
Ecuador,2015,Not applicable,15-24 year olds,Percent,0.99989
Egypt,2015,Not applicable,15-24 year olds,Percent,0.97487
El Salvador,2015,Not applicable,15-24 year olds,Percent,1.00407
Equatorial Guinea,2015,Not applicable,15-24 year olds,Percent,1.011
Eritrea,2015,Not applicable,15-24 year olds,Percent,0.97231
Estonia,2015,Not applicable,15-24 year olds,Percent,1.00009
Ethiopia,2015,Not applicable,15-24 year olds,Percent,0.9535
Gabon,2015,Not applicable,15-24 year olds,Percent,1.03129
Gambia,2015,Not applicable,15-24 year olds,Percent,0.93765
Georgia,2015,Not applicable,15-24 year olds,Percent,1.00115
Ghana,2015,Not applicable,15-24 year olds,Percent,0.98395
Greece,2015,Not applicable,15-24 year olds,Percent,0.99964
Guadeloupe,2015,Not applicable,15-24 year olds,Percent,1.00011
Guam,2015,Not applicable,15-24 year olds,Percent,0.99984
Guatemala,2015,Not applicable,15-24 year olds,Percent,0.95291
Guinea,2015,Not applicable,15-24 year olds,Percent,1.10392
Guinea-Bissau,2015,Not applicable,15-24 year olds,Percent,0.91016
Guyana,2015,Not applicable,15-24 year olds,Percent,1.00768
Haiti,2015,Not applicable,15-24 year olds,Percent,0.98828
Honduras,2015,Not applicable,15-24 year olds,Percent,1.01988
Hungary,2015,Not applicable,15-24 year olds,Percent,1.00166
India,2015,Not applicable,15-24 year olds,Percent,0.95014
Indonesia,2015,Not applicable,15-24 year olds,Percent,1.00032
"Iran, Islamic Republic of",2015,Not applicable,15-24 year olds,Percent,0.99495
Iraq,2015,Not applicable,15-24 year olds,Percent,0.97803
Italy,2015,Not applicable,15-24 year olds,Percent,1.00026
Jamaica,2015,Not applicable,15-24 year olds,Percent,1.04968
Jordan,2015,Not applicable,15-24 year olds,Percent,1.00264
Kazakhstan,2015,Not applicable,15-24 year olds,Percent,1.00058
Kenya,2015,Not applicable,15-24 year olds,Percent,1.01628
Kuwait,2015,Not applicable,15-24 year olds,Percent,0.99798
Kyrgyzstan,2015,Not applicable,15-24 year olds,Percent,1.00113
Lao People's Democratic Republic,2015,Not applicable,15-24 year olds,Percent,0.93756
Latvia,2015,Not applicable,15-24 year olds,Percent,1.00073
Lebanon,2015,Not applicable,15-24 year olds,Percent,1.00473
Lesotho,2015,Not applicable,15-24 year olds,Percent,1.21329
Liberia,2015,Not applicable,15-24 year olds,Percent,0.67997
Libyan Arab Jamahiriya,2015,Not applicable,15-24 year olds,Percent,0.99968
Lithuania,2015,Not applicable,15-24 year olds,Percent,1.00021
Macao Special Administrative Region of China,2015,Not applicable,15-24 year olds,Percent,0.99979
Madagascar,2015,Not applicable,15-24 year olds,Percent,0.99118
Malawi,2015,Not applicable,15-24 year olds,Percent,1.00399
Malaysia,2015,Not applicable,15-24 year olds,Percent,1.00166
Maldives,2015,Not applicable,15-24 year olds,Percent,0.99512
Mali,2015,Not applicable,15-24 year olds,Percent,0.64779
Malta,2015,Not applicable,15-24 year olds,Percent,1.00668
Marshall Islands,2015,Not applicable,15-24 year olds,Percent,1.005979254
Martinique,2015,Not applicable,15-24 year olds,Percent,0.99899
Mauritania,2015,Not applicable,15-24 year olds,Percent,0.78518
Mauritius,2015,Not applicable,15-24 year olds,Percent,1.00734
MDG_Caribbean,2015,Not applicable,15-24 year olds,Percent,1.001328188
MDG_Caucasus and Central Asia,2015,Not applicable,15-24 year olds,Percent,1.000331318
MDG_Developed regions,2015,Not applicable,15-24 year olds,Percent,0.9996743815
MDG_Developing regions,2015,Not applicable,15-24 year olds,Percent,0.9653474498
MDG_Eastern Asia,2015,Not applicable,15-24 year olds,Percent,0.9997314108
MDG_Landlocked developing countries,2015,Not applicable,15-24 year olds,Percent,0.9356797736
MDG_Latin America,2015,Not applicable,15-24 year olds,Percent,1.004316805
MDG_Latin America and the Caribbean,2015,Not applicable,15-24 year olds,Percent,1.004124403
MDG_Least developed countries,2015,Not applicable,15-24 year olds,Percent,0.9414113016
MDG_Northern Africa,2015,Not applicable,15-24 year olds,Percent,0.9783921702
MDG_Oceania,2015,Not applicable,15-24 year olds,Percent,0.9452002372
MDG_Small island developing States,2015,Not applicable,15-24 year olds,Percent,0.992511466
MDG_South-eastern Asia,2015,Not applicable,15-24 year olds,Percent,1.002362796
MDG_Southern Asia,2015,Not applicable,15-24 year olds,Percent,0.9450491076
MDG_Southern Asia excluding India,2015,Not applicable,15-24 year olds,Percent,0.9355912074
MDG_Sub-Saharan Africa,2015,Not applicable,15-24 year olds,Percent,0.9109658036
MDG_Western Asia,2015,Not applicable,15-24 year olds,Percent,0.9700988944
Mexico,2015,Not applicable,15-24 year olds,Percent,1.00148
Moldova,2015,Not applicable,15-24 year olds,Percent,1.00239
Mongolia,2015,Not applicable,15-24 year olds,Percent,1.00948
Montenegro,2015,Not applicable,15-24 year olds,Percent,0.99723
Morocco,2015,Not applicable,15-24 year olds,Percent,0.96768
Mozambique,2015,Not applicable,15-24 year olds,Percent,0.8335
Myanmar,2015,Not applicable,15-24 year olds,Percent,0.99985
Namibia,2015,Not applicable,15-24 year olds,Percent,1.02148
Nepal,2015,Not applicable,15-24 year olds,Percent,0.94416
New Caledonia,2015,Not applicable,15-24 year olds,Percent,1.00242
Nicaragua,2015,Not applicable,15-24 year olds,Percent,1.04416
Niger,2015,Not applicable,15-24 year olds,Percent,0.47069
Nigeria,2015,Not applicable,15-24 year olds,Percent,0.81771
Occupied Palestinian Territory,2015,Not applicable,15-24 year olds,Percent,0.99907
Oman,2015,Not applicable,15-24 year olds,Percent,0.99968
Pakistan,2015,Not applicable,15-24 year olds,Percent,0.8325
Palau,2015,Not applicable,15-24 year olds,Percent,1.000344291
Panama,2015,Not applicable,15-24 year olds,Percent,0.99736
Papua New Guinea,2015,Not applicable,15-24 year olds,Percent,0.92658
Paraguay,2015,Not applicable,15-24 year olds,Percent,1.00889
Peru,2015,Not applicable,15-24 year olds,Percent,1.00101
Philippines,2015,Not applicable,15-24 year olds,Percent,1.01419
Poland,2015,Not applicable,15-24 year olds,Percent,1
Portugal,2015,Not applicable,15-24 year olds,Percent,1.00082
Puerto Rico,2015,Not applicable,15-24 year olds,Percent,1.00002
Qatar,2015,Not applicable,15-24 year olds,Percent,1.01508
Réunion,2015,Not applicable,15-24 year olds,Percent,1.00195
Romania,2015,Not applicable,15-24 year olds,Percent,1
Russian Federation,2015,Not applicable,15-24 year olds,Percent,1.00096
Rwanda,2015,Not applicable,15-24 year olds,Percent,1.04798
Samoa,2015,Not applicable,15-24 year olds,Percent,1.00553
Sao Tome and Principe,2015,Not applicable,15-24 year olds,Percent,0.99752
Saudi Arabia,2015,Not applicable,15-24 year olds,Percent,0.99926
Senegal,2015,Not applicable,15-24 year olds,Percent,0.83737
Serbia,2015,Not applicable,15-24 year olds,Percent,0.99801
Seychelles,2015,Not applicable,15-24 year olds,Percent,1.00991
Sierra Leone,2015,Not applicable,15-24 year olds,Percent,0.78068
Singapore,2015,Not applicable,15-24 year olds,Percent,1.0001
Slovenia,2015,Not applicable,15-24 year olds,Percent,1.00099
South Africa,2015,Not applicable,15-24 year olds,Percent,1.00712
South Sudan,2015,Not applicable,15-24 year olds,Percent,0.89079
Spain,2015,Not applicable,15-24 year olds,Percent,0.99945
Sri Lanka,2015,Not applicable,15-24 year olds,Percent,1.00813
Sudan,2015,Not applicable,15-24 year olds,Percent,0.98734
Suriname,2015,Not applicable,15-24 year olds,Percent,1.01264
Swaziland,2015,Not applicable,15-24 year olds,Percent,1.02663
Syrian Arab Republic,2015,Not applicable,15-24 year olds,Percent,0.98443
Tajikistan,2015,Not applicable,15-24 year olds,Percent,1.00028
Thailand,2015,Not applicable,15-24 year olds,Percent,1.00632
The former Yugoslav Republic of Macedonia,2015,Not applicable,15-24 year olds,Percent,0.99744
Timor-Leste,2015,Not applicable,15-24 year olds,Percent,1.01125
Togo,2015,Not applicable,15-24 year olds,Percent,0.91572
Tonga,2015,Not applicable,15-24 year olds,Percent,1.0019
Trinidad and Tobago,2015,Not applicable,15-24 year olds,Percent,1.00018
Tunisia,2015,Not applicable,15-24 year olds,Percent,0.98538
Turkey,2015,Not applicable,15-24 year olds,Percent,0.99354
Turkmenistan,2015,Not applicable,15-24 year olds,Percent,1.00146
Uganda,2015,Not applicable,15-24 year olds,Percent,0.99018
Ukraine,2015,Not applicable,15-24 year olds,Percent,1.00087
United Arab Emirates,2015,Not applicable,15-24 year olds,Percent,0.99473
United Republic of Tanzania,2015,Not applicable,15-24 year olds,Percent,0.99671
Uruguay,2015,Not applicable,15-24 year olds,Percent,1.01175
Uzbekistan,2015,Not applicable,15-24 year olds,Percent,1
Vanuatu,2015,Not applicable,15-24 year olds,Percent,1.00486
Venezuela (Bolivarian Republic of),2015,Not applicable,15-24 year olds,Percent,1.01254
Viet Nam,2015,Not applicable,15-24 year olds,Percent,0.99805
Yemen,2015,Not applicable,15-24 year olds,Percent,0.8474
Zambia,2015,Not applicable,15-24 year olds,Percent,0.98069
Zimbabwe,2015,Not applicable,15-24 year olds,Percent,1.0393